start,end,date,lat,long,districts,wards,communities,grid,road_available,road_type/paved,road_type/gravel,road_type/dirt,road_type/other,road_type/na_dn,road_type/none,signal,water_point_condition,water_source_type,water_connected,water_lift_mechanism,water_lift_mechanism_type,water_mechanism_plate,water_developer,water_manager,water_pay,water_functioning,water_not_functioning/missing_parts,water_not_functioning/lift_broken,water_not_functioning/kiosk_broken,water_not_functioning/poor_water,water_not_functioning/water_source_dry,water_not_functioning/under_construction,water_not_functioning/improperly_constr,water_not_functioning/na_dn,water_not_functioning/other,water_not_functioning/none,water_not_functioning_other,other_point_1km,water_used_season,animal_point,animal_number
2012-02-12T12:24:34.530Z,2012-02-12T12:27:53.842Z,2012-02-12,8.31832205,-3.79077675,northern,kidal,tessalit,grid_further_500_m,yes,False,False,True,False,False,False,low,functioning,unprotected_well,no,yes,manual_power,no,international,community,no,yes,n/a,n/a,n/a,n/a,n/a,n/a,n/a,n/a,n/a,n/a,n/a,yes,year_round,yes,50_to_500
2012-02-12T13:14:22.959Z,2012-02-12T13:18:15.560Z,2012-02-12,8.32099729,-3.78979833,northern,kidal,tessalit,grid_further_500_m,yes,False,False,True,False,False,False,low,broken,borehole,no,yes,hand_pump,no,international,community,no,no,False,True,False,False,False,False,False,False,False,False,n/a,yes,year_round,no,n/a
2012-02-12T13:43:49.715Z,2012-02-12T13:47:30.951Z,2012-02-12,8.32443938,-3.7912813,northern,kidal,tessalit,grid_further_500_m,yes,False,False,False,False,False,True,low,functioning,protected_well,no,yes,manual_power,no,individual,community,no,no,False,False,False,True,True,False,False,False,False,False,n/a,yes,year_round,no,n/a
2012-02-12T12:53:40.393Z,2012-02-12T12:58:06.145Z,2012-02-12,8.31979904,-3.79221876,northern,kidal,tessalit,grid_further_500_m,yes,False,False,True,False,False,False,low,broken,borehole,no,yes,hand_pump,no,international,community,no,no,False,True,False,False,False,False,False,False,False,False,n/a,yes,year_round,no,n/a
2012-02-12T11:46:41.244Z,2012-02-12T11:50:06.477Z,2012-02-12,8.31620726,-3.79068059,northern,kidal,tessalit,grid_further_500_m,yes,False,True,False,False,False,False,low,functioning,borehole,yes,yes,hand_pump,no,international,community,no,yes,n/a,n/a,n/a,n/a,n/a,n/a,n/a,n/a,n/a,n/a,n/a,yes,year_round,yes,50_to_500
2012-02-12T12:50:02.429Z,2012-02-12T12:53:16.667Z,2012-02-12,8.31973926,-3.79273271,northern,kidal,tessalit,grid_further_500_m,yes,False,False,True,False,False,False,low,functioning,borehole,no,yes,hand_pump,no,international,community,no,yes,n/a,n/a,n/a,n/a,n/a,n/a,n/a,n/a,n/a,n/a,n/a,yes,year_round,yes,50_to_500
2012-02-12T12:28:02.570Z,2012-02-12T12:32:56.495Z,2012-02-12,8.31820969,-3.79224383,northern,kidal,tessalit,grid_further_500_m,yes,False,False,True,False,False,False,low,functioning,protected_well,no,yes,manual_power,no,international,community,no,yes,n/a,n/a,n/a,n/a,n/a,n/a,n/a,n/a,n/a,n/a,n/a,yes,year_round,yes,50_to_500
2012-02-12T13:28:59.840Z,2012-02-12T13:32:11.238Z,2012-02-12,8.3226035,-3.79068932,northern,kidal,tessalit,grid_further_500_m,yes,False,False,True,False,False,False,low,functioning,borehole,no,yes,hand_pump,no,international,community,no,yes,n/a,n/a,n/a,n/a,n/a,n/a,n/a,n/a,n/a,n/a,n/a,yes,year_round,yes,more_500
2012-02-12T10:40:13.667Z,2012-02-12T10:44:28.501Z,2012-02-12,8.31429859,-3.78784961,northern,kidal,tessalit,grid_further_500_m,yes,False,True,False,False,False,False,low,functioning,unprotected_well,no,no,n/a,n/a,local_autority,community,no,no,False,False,False,False,True,False,True,False,False,False,n/a,yes,year_round,no,n/a
2012-02-12T12:44:59.541Z,2012-02-12T12:49:51.806Z,2012-02-12,8.31987219,-3.79309779,northern,kidal,tessalit,grid_further_500_m,yes,False,False,True,False,False,False,low,functioning,protected_well,no,yes,manual_power,no,international,community,no,yes,n/a,n/a,n/a,n/a,n/a,n/a,n/a,n/a,n/a,n/a,n/a,yes,year_round,no,n/a
2012-02-12T12:08:47.415Z,2012-02-12T12:12:14.214Z,2012-02-12,8.31764078,-3.78965059,northern,kidal,tessalit,grid_further_500_m,yes,False,False,True,False,False,False,low,functioning,protected_well,no,no,n/a,n/a,international,community,no,yes,n/a,n/a,n/a,n/a,n/a,n/a,n/a,n/a,n/a,n/a,n/a,yes,year_round,yes,50_to_500
2012-02-12T12:33:05.221Z,2012-02-12T12:38:05.938Z,2012-02-12,8.3181662,-3.79344722,northern,kidal,tessalit,grid_further_500_m,yes,False,False,True,False,False,False,low,functioning,borehole,no,yes,hand_pump,no,international,community,no,yes,n/a,n/a,n/a,n/a,n/a,n/a,n/a,n/a,n/a,n/a,n/a,yes,year_round,yes,50_to_500
2012-02-12T13:36:17.435Z,2012-02-12T13:39:52.203Z,2012-02-12,8.32513683,-3.78980109,northern,kidal,tessalit,grid_further_500_m,yes,False,False,True,False,False,False,low,functioning,borehole,no,yes,hand_pump,no,international,community,no,no,False,False,False,False,True,False,False,False,False,False,n/a,yes,year_round,yes,50_to_500
2012-02-12T12:38:44.693Z,2012-02-12T12:44:17.689Z,2012-02-12,8.32009278,-3.79345623,northern,kidal,tessalit,grid_further_500_m,yes,False,False,True,False,False,False,low,functioning,borehole,no,yes,hand_pump,no,international,community,no,yes,n/a,n/a,n/a,n/a,n/a,n/a,n/a,n/a,n/a,n/a,n/a,yes,year_round,yes,50_to_500
2012-02-12T11:55:16.766Z,2012-02-12T11:58:26.785Z,2012-02-12,8.31374505,-3.79175831,northern,kidal,tessalit,grid_further_500_m,yes,False,True,False,False,False,False,low,functioning,unprotected_well,no,no,n/a,n/a,local_autority,community,no,yes,n/a,n/a,n/a,n/a,n/a,n/a,n/a,n/a,n/a,n/a,n/a,yes,year_round,yes,50_to_500
2012-02-12T10:44:44.752Z,2012-02-12T10:49:52.363Z,2012-02-12,8.31427905,-3.78756926,northern,kidal,tessalit,grid_further_500_m,yes,False,True,False,False,False,False,low,functioning,borehole,yes,yes,hand_pump,no,international,community,no,yes,n/a,n/a,n/a,n/a,n/a,n/a,n/a,n/a,n/a,n/a,n/a,yes,year_round,yes,50_to_500
2012-02-12T14:18:36.672Z,2012-02-12T14:21:59.362Z,2012-02-12,8.31943646,-3.78762623,northern,kidal,tessalit,grid_further_500_m,yes,False,False,True,False,False,False,low,broken,unprotected_well,no,no,n/a,n/a,state_government,community,no,no,False,False,False,True,False,False,False,False,False,False,n/a,yes,year_round,no,n/a
2012-02-12T12:19:14.087Z,2012-02-12T12:24:19.090Z,2012-02-12,8.31838159,-3.79051604,northern,kidal,tessalit,grid_further_500_m,yes,False,False,True,False,False,False,low,broken,borehole,no,yes,hand_pump,no,international,community,no,no,False,False,False,False,False,False,True,False,False,False,n/a,yes,year_round,no,n/a
2012-02-11T09:42:02.123Z,2012-02-11T09:52:12.308Z,2012-02-11,8.14226857,-3.96259719,northern,kidal,bourem_inaly,grid_further_500_m,yes,False,False,True,False,False,False,low,functioning,borehole,no,yes,hand_pump,no,international,community,no,yes,n/a,n/a,n/a,n/a,n/a,n/a,n/a,n/a,n/a,n/a,n/a,yes,year_round,yes,50_to_500
2012-02-11T09:42:55.022Z,2012-02-11T09:48:34.639Z,2012-02-11,8.15011783,-3.96278861,northern,kidal,bourem_inaly,grid_further_500_m,no,n/a,n/a,n/a,n/a,n/a,n/a,low,functioning,borehole,no,yes,manual_power,no,local_autority,community,no,yes,n/a,n/a,n/a,n/a,n/a,n/a,n/a,n/a,n/a,n/a,n/a,yes,year_round,no,n/a
2012-02-11T09:50:58.698Z,2012-02-11T09:55:31.310Z,2012-02-11,8.15393234,-3.95940782,northern,kidal,bourem_inaly,grid_further_500_m,yes,False,True,False,False,False,False,low,broken,unprotected_well,no,no,n/a,n/a,community,individual,no,no,False,False,False,True,True,False,True,False,False,False,n/a,yes,year_round,no,n/a
2012-02-11T11:07:15.506Z,2012-02-11T11:11:40.993Z,2012-02-11,8.15026904,-3.96118424,northern,kidal,bourem_inaly,grid_further_500_m,yes,False,True,True,False,False,False,low,functioning,unprotected_well,no,yes,manual_power,no,individual,individual,no,yes,n/a,n/a,n/a,n/a,n/a,n/a,n/a,n/a,n/a,n/a,n/a,yes,year_round,no,n/a
2012-02-11T10:06:15.199Z,2012-02-11T10:10:10.890Z,2012-02-11,8.15619665,-3.95833531,northern,kidal,bourem_inaly,grid_further_500_m,yes,False,True,False,False,False,False,low,functioning,borehole,no,yes,hand_pump,no,local_autority,community,no,yes,n/a,n/a,n/a,n/a,n/a,n/a,n/a,n/a,n/a,n/a,n/a,yes,year_round,yes,50_to_500
2012-02-11T09:57:44.094Z,2012-02-11T10:04:21.368Z,2012-02-11,8.14516976,-3.96469842,northern,kidal,bourem_inaly,grid_further_500_m,yes,False,True,False,False,False,False,low,functioning,unprotected_well,no,no,n/a,n/a,community,community,no,yes,n/a,n/a,n/a,n/a,n/a,n/a,n/a,n/a,n/a,n/a,n/a,yes,year_round,no,n/a
2012-02-11T09:53:56.431Z,2012-02-11T09:57:33.076Z,2012-02-11,8.14564932,-3.96403426,northern,kidal,bourem_inaly,grid_further_500_m,yes,False,True,False,False,False,False,low,functioning,unprotected_well,no,no,n/a,n/a,individual,individual,no,yes,n/a,n/a,n/a,n/a,n/a,n/a,n/a,n/a,n/a,n/a,n/a,yes,year_round,no,n/a
2012-02-11T09:31:39.887Z,2012-02-11T09:36:34.634Z,2012-02-11,8.14821938,-3.96283289,northern,kidal,bourem_inaly,grid_further_500_m,yes,False,True,False,False,False,False,low,functioning,unprotected_well,no,no,n/a,n/a,individual,individual,no,no,False,False,False,False,True,False,False,False,False,False,n/a,yes,dry_season,yes,10_to_50
2012-02-11T09:05:28.087Z,2012-02-11T09:15:27.397Z,2012-02-11,8.14800603,-3.96119014,northern,kidal,bourem_inaly,grid_further_500_m,yes,False,True,False,False,False,False,low,broken,protected_well,no,yes,hand_pump,no,community,community,no,no,False,True,False,False,False,False,False,False,False,False,n/a,yes,year_round,yes,50_to_500
2012-02-11T09:48:28.180Z,2012-02-11T09:52:20.304Z,2012-02-11,8.14672511,-3.96394654,northern,kidal,bourem_inaly,grid_further_500_m,yes,False,True,False,False,False,False,low,under_construction,unprotected_well,no,no,n/a,n/a,individual,individual,no,no,False,False,False,False,False,True,False,False,False,False,n/a,yes,year_round,no,n/a
2012-02-11T09:33:31.293Z,2012-02-11T09:36:51.692Z,2012-02-11,8.14727515,-3.9618445,northern,kidal,bourem_inaly,grid_further_500_m,yes,False,True,False,False,False,False,low,newly_constructed,unprotected_well,no,yes,manual_power,no,individual,individual,no,yes,n/a,n/a,n/a,n/a,n/a,n/a,n/a,n/a,n/a,n/a,n/a,yes,year_round,no,n/a
2012-02-11T11:34:00.305Z,2012-02-11T11:37:04.531Z,2012-02-11,8.1451562,-3.96468873,northern,kidal,bourem_inaly,grid_further_500_m,yes,False,True,False,False,False,False,low,functioning,unprotected_well,no,yes,manual_power,no,private,individual,no,yes,n/a,n/a,n/a,n/a,n/a,n/a,n/a,n/a,n/a,n/a,n/a,yes,year_round,no,n/a
2012-02-11T09:28:45.547Z,2012-02-11T09:32:56.977Z,2012-02-11,8.14767111,-3.96141952,northern,kidal,bourem_inaly,grid_further_500_m,yes,False,True,False,False,False,False,low,functioning,unprotected_well,no,yes,manual_power,no,individual,individual,no,yes,n/a,n/a,n/a,n/a,n/a,n/a,n/a,n/a,n/a,n/a,n/a,yes,year_round,no,n/a
2012-02-11T09:37:31.894Z,2012-02-11T09:41:28.994Z,2012-02-11,8.14684261,-3.96062641,northern,kidal,bourem_inaly,grid_further_500_m,yes,False,True,False,False,False,False,low,functioning,unprotected_well,no,yes,manual_power,no,individual,individual,no,yes,n/a,n/a,n/a,n/a,n/a,n/a,n/a,n/a,n/a,n/a,n/a,yes,year_round,no,n/a
2012-02-11T11:26:02.073Z,2012-02-11T11:30:41.759Z,2012-02-11,8.14444455,-3.96326402,northern,kidal,bourem_inaly,grid_further_500_m,yes,False,False,True,False,False,False,low,functioning,protected_well,no,yes,manual_power,no,private,individual,no,yes,n/a,n/a,n/a,n/a,n/a,n/a,n/a,n/a,n/a,n/a,n/a,yes,year_round,no,n/a
2012-02-11T09:48:40.380Z,2012-02-11T09:53:00.276Z,2012-02-11,8.15015846,-3.96289577,northern,kidal,bourem_inaly,grid_further_500_m,no,n/a,n/a,n/a,n/a,n/a,n/a,low,abandoned,unprotected_well,no,yes,manual_power,no,individual,individual,no,no,False,False,False,False,True,False,False,False,False,False,n/a,yes,cannot_determine,no,n/a
2012-02-11T09:28:55.324Z,2012-02-11T09:34:16.205Z,2012-02-11,8.14884948,-3.96265389,northern,kidal,bourem_inaly,grid_further_500_m,no,n/a,n/a,n/a,n/a,n/a,n/a,low,functioning,unprotected_well,no,yes,manual_power,no,individual,individual,no,yes,n/a,n/a,n/a,n/a,n/a,n/a,n/a,n/a,n/a,n/a,n/a,yes,wet_season,no,n/a
2012-02-11T10:16:29.577Z,2012-02-11T10:22:43.106Z,2012-02-11,8.1466777,-3.96412394,northern,kidal,bourem_inaly,grid_further_500_m,no,n/a,n/a,n/a,n/a,n/a,n/a,low,newly_constructed,unprotected_well,no,yes,manual_power,no,community,community,no,yes,n/a,n/a,n/a,n/a,n/a,n/a,n/a,n/a,n/a,n/a,n/a,yes,na_dn,no,n/a
2012-02-11T09:34:33.145Z,2012-02-11T09:38:08.286Z,2012-02-11,8.14862224,-3.96319924,northern,kidal,bourem_inaly,grid_further_500_m,no,n/a,n/a,n/a,n/a,n/a,n/a,low,functioning,protected_well,no,yes,manual_power,no,private,individual,no,yes,n/a,n/a,n/a,n/a,n/a,n/a,n/a,n/a,n/a,n/a,n/a,yes,year_round,no,n/a
2012-02-11T09:23:28.437Z,2012-02-11T09:28:44.621Z,2012-02-11,8.14894792,-3.96198179,northern,kidal,bourem_inaly,grid_further_500_m,no,n/a,n/a,n/a,n/a,n/a,n/a,low,functioning,unprotected_well,no,yes,manual_power,no,individual,individual,no,yes,n/a,n/a,n/a,n/a,n/a,n/a,n/a,n/a,n/a,n/a,n/a,yes,year_round,no,n/a
2012-02-11T10:11:55.851Z,2012-02-11T10:24:55.972Z,2012-02-11,8.1471812,-3.9637015,northern,kidal,bourem_inaly,grid_further_500_m,no,n/a,n/a,n/a,n/a,n/a,n/a,low,under_construction,unprotected_well,no,yes,manual_power,no,individual,community,no,no,False,False,False,False,False,True,False,False,False,False,n/a,yes,cannot_determine,no,n/a
2012-02-11T09:58:23.823Z,2012-02-11T10:04:06.668Z,2012-02-11,8.15567947,-3.95804813,northern,kidal,bourem_inaly,grid_further_500_m,yes,False,True,False,False,False,False,low,broken,borehole,no,yes,hand_pump,no,local_autority,community,no,no,False,True,False,False,False,False,False,False,False,False,n/a,yes,year_round,no,n/a
2012-02-11T10:43:32.009Z,2012-02-11T10:49:13.586Z,2012-02-11,8.15577251,-3.96076777,northern,kidal,bourem_inaly,grid_further_500_m,yes,False,True,False,False,False,False,low,functioning,borehole,no,yes,hand_pump,no,international,community,no,yes,n/a,n/a,n/a,n/a,n/a,n/a,n/a,n/a,n/a,n/a,n/a,no,another_pattern,yes,more_500
2012-02-11T09:34:46.007Z,2012-02-11T09:38:06.478Z,2012-02-11,8.15015985,-3.9593338,northern,kidal,bourem_inaly,grid_further_500_m,yes,False,True,False,False,False,False,low,broken,unprotected_well,no,no,n/a,n/a,individual,individual,no,no,False,False,False,False,True,False,True,False,False,False,n/a,yes,year_round,no,n/a
2012-02-11T09:39:27.080Z,2012-02-11T09:43:34.444Z,2012-02-11,8.15073668,-3.95917397,northern,kidal,bourem_inaly,grid_further_500_m,yes,False,True,False,False,False,False,low,broken,unprotected_well,no,no,n/a,n/a,individual,individual,no,no,False,False,False,True,True,False,True,False,False,False,n/a,yes,year_round,no,n/a
2012-02-12T16:39:50.916Z,2012-02-12T16:47:05.007Z,2012-02-12,8.31727344,-3.80315067,northern,kidal,bamba,grid_further_500_m,no,n/a,n/a,n/a,n/a,n/a,n/a,high,broken,protected_well,no,yes,hand_pump,no,community,community,no,no,False,True,False,False,False,False,False,False,False,False,n/a,yes,year_round,no,n/a
2012-02-12T16:45:36.127Z,2012-02-12T16:48:34.501Z,2012-02-12,8.31830777,-3.80171688,northern,kidal,bamba,grid_further_500_m,yes,False,False,True,False,False,False,high,broken,borehole,no,yes,hand_pump,no,international,individual,no,no,False,True,False,False,False,False,False,False,False,False,n/a,yes,cannot_determine,no,n/a
2012-02-12T16:42:10.196Z,2012-02-12T16:45:27.982Z,2012-02-12,8.31797125,-3.80151642,northern,kidal,bamba,grid_further_500_m,yes,False,False,True,False,False,False,high,functioning,borehole,no,yes,hand_pump,no,international,individual,no,yes,n/a,n/a,n/a,n/a,n/a,n/a,n/a,n/a,n/a,n/a,n/a,no,year_round,yes,50_to_500
2012-02-11T14:25:48.015Z,2012-02-11T14:37:04.534Z,2012-02-11,8.19408883,-4.00537557,northern,kidal,bourem_foghas,grid_further_500_m,yes,False,True,False,False,False,False,none,functioning,unprotected_well,no,no,n/a,n/a,private,public,no,yes,n/a,n/a,n/a,n/a,n/a,n/a,n/a,n/a,n/a,n/a,n/a,no,year_round,no,n/a
2012-02-11T13:48:41.849Z,2012-02-11T13:53:38.439Z,2012-02-11,8.18359059,-4.01083476,northern,kidal,bourem_foghas,grid_further_500_m,no,n/a,n/a,n/a,n/a,n/a,n/a,none,functioning,borehole,no,yes,hand_pump,no,international,community,no,yes,n/a,n/a,n/a,n/a,n/a,n/a,n/a,n/a,n/a,n/a,n/a,no,year_round,yes,50_to_500
2012-02-11T13:17:04.005Z,2012-02-11T13:25:10.116Z,2012-02-11,8.20015428,-3.99187007,northern,kidal,bourem_foghas,grid_further_500_m,no,n/a,n/a,n/a,n/a,n/a,n/a,low,abandoned,borehole,no,no,n/a,n/a,international,international,na_dn,no,False,False,False,False,False,True,False,False,False,False,n/a,no,cannot_determine,na_dn,n/a
2012-02-11T13:13:59.884Z,2012-02-11T13:28:51.513Z,2012-02-11,8.19361361,-4.01082423,northern,kidal,bourem_foghas,grid_further_500_m,yes,False,False,True,False,False,False,low,functioning,borehole,no,yes,hand_pump,no,local_autority,individual,no,yes,n/a,n/a,n/a,n/a,n/a,n/a,n/a,n/a,n/a,n/a,n/a,yes,year_round,yes,50_to_500
2012-02-11T14:00:38.576Z,2012-02-11T14:03:28.840Z,2012-02-11,8.20677364,-4.02116183,northern,kidal,bourem_foghas,grid_further_500_m,yes,False,True,False,False,False,False,low,functioning,protected_well,no,yes,manual_power,no,international,individual,no,yes,n/a,n/a,n/a,n/a,n/a,n/a,n/a,n/a,n/a,n/a,n/a,yes,year_round,yes,50_to_500
2012-02-11T13:24:27.934Z,2012-02-11T13:27:50.692Z,2012-02-11,8.19595751,-4.01252389,northern,kidal,bourem_foghas,grid_further_500_m,yes,False,False,True,False,False,False,low,functioning,borehole,no,yes,hand_pump,no,local_autority,individual,no,yes,n/a,n/a,n/a,n/a,n/a,n/a,n/a,n/a,n/a,n/a,n/a,yes,year_round,yes,50_to_500
2012-02-11T13:35:18.396Z,2012-02-11T13:40:28.509Z,2012-02-11,8.2106761,-4.02473941,northern,kidal,bourem_foghas,grid_further_500_m,no,n/a,n/a,n/a,n/a,n/a,n/a,low,functioning,borehole,no,yes,manual_power,no,local_autority,individual,no,yes,n/a,n/a,n/a,n/a,n/a,n/a,n/a,n/a,n/a,n/a,n/a,no,year_round,yes,50_to_500
2012-02-11T14:17:58.531Z,2012-02-11T14:25:04.105Z,2012-02-11,8.19368828,-4.00585995,northern,kidal,bourem_foghas,grid_further_500_m,yes,False,True,True,False,False,False,none,under_construction,borehole,no,no,n/a,n/a,public,public,no,no,False,False,False,False,False,True,False,False,False,False,n/a,yes,na_dn,no,n/a
2012-02-11T14:40:26.606Z,2012-02-11T14:47:05.331Z,2012-02-11,8.17878541,-3.99172911,northern,kidal,bourem_foghas,grid_further_500_m,yes,False,False,True,False,False,False,none,functioning,borehole,no,yes,manual_power,no,private,community,no,yes,n/a,n/a,n/a,n/a,n/a,n/a,n/a,n/a,n/a,n/a,n/a,yes,year_round,yes,50_to_500
2012-02-12T15:01:46.218Z,2012-02-12T15:04:12.304Z,2012-02-12,8.24653731,-3.74536567,northern,kidal,niafunke,grid_further_500_m,yes,False,True,False,False,False,False,low,functioning,borehole,no,yes,hand_pump,no,international,individual,no,yes,n/a,n/a,n/a,n/a,n/a,n/a,n/a,n/a,n/a,n/a,n/a,yes,year_round,yes,50_to_500
2012-02-12T14:55:09.915Z,2012-02-12T14:58:15.144Z,2012-02-12,8.24551469,-3.74406352,northern,kidal,niafunke,grid_further_500_m,yes,False,True,True,False,False,False,low,functioning,unprotected_well,no,no,n/a,n/a,community,community,no,yes,n/a,n/a,n/a,n/a,n/a,n/a,n/a,n/a,n/a,n/a,n/a,yes,year_round,yes,50_to_500
2012-02-12T15:07:44.009Z,2012-02-12T15:11:01.735Z,2012-02-12,8.24500763,-3.74318964,northern,kidal,niafunke,grid_further_500_m,yes,False,False,True,False,False,False,low,functioning,unprotected_well,no,no,n/a,n/a,community,community,no,no,False,False,False,False,True,False,False,False,False,False,n/a,yes,year_round,no,n/a
2012-02-12T15:11:15.446Z,2012-02-12T15:14:58.749Z,2012-02-12,8.244172,-3.74366829,northern,kidal,niafunke,grid_further_500_m,yes,False,False,True,False,False,False,low,functioning,protected_well,no,no,n/a,n/a,international,community,no,yes,n/a,n/a,n/a,n/a,n/a,n/a,n/a,n/a,n/a,n/a,n/a,yes,year_round,yes,10_to_50
2012-02-12T15:02:50.686Z,2012-02-12T15:07:22.012Z,2012-02-12,8.24510465,-3.74331687,northern,kidal,niafunke,grid_further_500_m,yes,False,True,True,False,False,False,low,functioning,borehole,no,yes,hand_pump,no,international,community,no,yes,n/a,n/a,n/a,n/a,n/a,n/a,n/a,n/a,n/a,n/a,n/a,yes,year_round,yes,50_to_500
2012-02-12T15:05:12.827Z,2012-02-12T15:09:47.536Z,2012-02-12,8.24462536,-3.74582827,northern,kidal,niafunke,grid_further_500_m,yes,False,False,True,False,False,False,low,functioning,protected_well,no,yes,manual_power,no,international,individual,no,yes,n/a,n/a,n/a,n/a,n/a,n/a,n/a,n/a,n/a,n/a,n/a,yes,year_round,yes,50_to_500
2012-02-12T14:59:06.391Z,2012-02-12T15:01:38.454Z,2012-02-12,8.24653133,-3.74517789,northern,kidal,niafunke,grid_further_500_m,yes,False,True,False,False,False,False,low,functioning,borehole,no,yes,hand_pump,no,international,individual,no,yes,n/a,n/a,n/a,n/a,n/a,n/a,n/a,n/a,n/a,n/a,n/a,yes,year_round,yes,50_to_500
2012-02-12T14:53:45.681Z,2012-02-12T14:57:03.131Z,2012-02-12,8.24608566,-3.74415802,northern,kidal,niafunke,grid_further_500_m,yes,False,True,False,False,False,False,low,functioning,unprotected_well,no,yes,manual_power,no,individual,individual,no,yes,n/a,n/a,n/a,n/a,n/a,n/a,n/a,n/a,n/a,n/a,n/a,yes,wet_season,yes,50_to_500
2012-02-10T08:51:54.089Z,2012-02-10T08:55:42.163Z,2012-02-10,8.2594448,-3.84798472,northern,kidal,dire,grid_further_500_m,no,n/a,n/a,n/a,n/a,n/a,n/a,high,functioning,borehole,no,yes,hand_pump,no,international,community,no,yes,n/a,n/a,n/a,n/a,n/a,n/a,n/a,n/a,n/a,n/a,n/a,yes,year_round,yes,50_to_500
2012-02-10T08:35:35.397Z,2012-02-10T08:41:39.454Z,2012-02-10,8.25840916,-3.8478458,northern,kidal,dire,grid_further_500_m,no,n/a,n/a,n/a,n/a,n/a,n/a,high,broken,unprotected_well,no,yes,manual_power,no,community,community,no,no,False,False,False,True,False,False,False,False,False,False,n/a,yes,cannot_determine,no,n/a
2012-02-10T08:33:53.847Z,2012-02-10T22:03:31.409Z,2012-02-10,8.26330337,-3.85170902,northern,kidal,dire,grid_further_500_m,yes,False,False,True,False,False,False,high,functioning,borehole,no,yes,manual_power,no,international,community,no,yes,n/a,n/a,n/a,n/a,n/a,n/a,n/a,n/a,n/a,n/a,n/a,yes,dry_season,no,n/a
2012-02-10T09:36:30.925Z,2012-02-10T22:25:58.409Z,2012-02-10,8.26393041,-3.84885083,northern,kidal,dire,grid_further_500_m,yes,False,False,True,False,False,False,high,functioning,unprotected_well,no,yes,hand_pump,no,international,community,no,yes,n/a,n/a,n/a,n/a,n/a,n/a,n/a,n/a,n/a,n/a,n/a,yes,year_round,yes,50_to_500
2012-02-10T08:25:17.835Z,2012-02-10T21:59:20.074Z,2012-02-10,8.26164389,-3.85069032,northern,kidal,dire,grid_further_500_m,yes,False,True,False,False,False,False,high,functioning,unprotected_well,no,no,n/a,n/a,community,community,no,yes,n/a,n/a,n/a,n/a,n/a,n/a,n/a,n/a,n/a,n/a,n/a,yes,year_round,no,n/a
2012-02-10T14:07:19.998Z,2012-02-10T23:04:36.082Z,2012-02-10,8.26697575,-3.84632236,northern,kidal,dire,grid_further_500_m,yes,False,True,False,False,False,False,high,functioning,borehole,no,yes,hand_pump,no,international,individual,no,yes,n/a,n/a,n/a,n/a,n/a,n/a,n/a,n/a,n/a,n/a,n/a,yes,year_round,yes,50_to_500
2012-02-10T10:32:00.537Z,2012-02-10T22:36:20.049Z,2012-02-10,8.26336141,-3.84776133,northern,kidal,dire,grid_further_500_m,yes,False,False,True,False,False,False,high,functioning,borehole,no,yes,hand_pump,no,local_autority,individual,no,yes,n/a,n/a,n/a,n/a,n/a,n/a,n/a,n/a,n/a,n/a,n/a,yes,year_round,yes,50_to_500
2012-02-12T08:17:59.958Z,2012-02-12T08:23:29.812Z,2012-02-12,8.26007025,-3.85250237,northern,kidal,dire,grid_further_500_m,yes,False,True,False,False,False,False,high,functioning,unprotected_well,no,no,n/a,n/a,community,other',no,yes,n/a,n/a,n/a,n/a,n/a,n/a,n/a,n/a,n/a,n/a,n/a,yes,year_round,no,n/a
2012-02-10T06:37:37.642Z,2012-02-10T06:44:37.938Z,2012-02-10,8.26065372,-3.85231288,northern,kidal,dire,na_dn,yes,False,True,False,False,False,False,high,functioning,protected_well,no,yes,manual_power,no,community,community,no,yes,n/a,n/a,n/a,n/a,n/a,n/a,n/a,n/a,n/a,n/a,n/a,yes,year_round,no,n/a
2012-02-10T07:34:43.246Z,2012-02-10T07:39:31.853Z,2012-02-10,8.2619087,-3.84920081,northern,kidal,dire,na_dn,yes,False,True,False,False,False,False,high,functioning,unprotected_well,no,yes,manual_power,no,individual,individual,no,yes,n/a,n/a,n/a,n/a,n/a,n/a,n/a,n/a,n/a,n/a,n/a,yes,dry_season,no,n/a
2012-02-10T07:41:53.837Z,2012-02-10T07:47:03.008Z,2012-02-10,8.26145091,-3.84876359,northern,kidal,dire,na_dn,yes,False,True,False,False,False,False,high,functioning,unprotected_well,no,yes,manual_power,no,community,community,no,yes,n/a,n/a,n/a,n/a,n/a,n/a,n/a,n/a,n/a,n/a,n/a,yes,wet_season,no,n/a
2012-02-10T09:08:02.715Z,2012-02-10T09:13:30.248Z,2012-02-10,8.26052557,-3.84718041,northern,kidal,dire,grid_further_500_m,yes,False,True,False,False,False,False,high,functioning,unprotected_well,no,yes,manual_power,no,individual,individual,no,yes,n/a,n/a,n/a,n/a,n/a,n/a,n/a,n/a,n/a,n/a,n/a,yes,year_round,no,n/a
2012-02-10T08:29:59.802Z,2012-02-10T08:35:21.822Z,2012-02-10,8.25838172,-3.84838751,northern,kidal,dire,grid_further_500_m,no,n/a,n/a,n/a,n/a,n/a,n/a,high,functioning,unprotected_well,no,yes,manual_power,no,community,community,no,yes,n/a,n/a,n/a,n/a,n/a,n/a,n/a,n/a,n/a,n/a,n/a,yes,wet_season,no,n/a
2012-02-10T09:00:13.626Z,2012-02-10T09:03:28.758Z,2012-02-10,8.25985874,-3.84727321,northern,kidal,dire,grid_further_500_m,no,n/a,n/a,n/a,n/a,n/a,n/a,high,functioning,unprotected_well,no,yes,manual_power,no,community,community,no,yes,n/a,n/a,n/a,n/a,n/a,n/a,n/a,n/a,n/a,n/a,n/a,yes,wet_season,no,n/a
2012-02-10T09:13:50.538Z,2012-02-10T09:19:53.332Z,2012-02-10,8.26127901,-3.84638196,northern,kidal,dire,grid_further_500_m,yes,False,True,False,False,False,False,high,functioning,unprotected_spring,no,yes,manual_power,no,local_autority,community,no,yes,n/a,n/a,n/a,n/a,n/a,n/a,n/a,n/a,n/a,n/a,n/a,yes,year_round,no,n/a
2012-02-10T08:46:39.033Z,2012-02-10T08:58:33.829Z,2012-02-10,8.25924072,-3.84763092,northern,kidal,dire,grid_further_500_m,no,n/a,n/a,n/a,n/a,n/a,n/a,high,functioning,borehole,no,yes,hand_pump,no,local_autority,community,no,yes,n/a,n/a,n/a,n/a,n/a,n/a,n/a,n/a,n/a,n/a,n/a,yes,year_round,yes,50_to_500
2012-02-10T08:09:49.765Z,2012-02-10T08:16:46.882Z,2012-02-10,8.26035095,-3.84983395,northern,kidal,dire,na_dn,yes,False,True,True,False,False,False,high,functioning,unprotected_well,no,no,n/a,n/a,individual,individual,no,yes,n/a,n/a,n/a,n/a,n/a,n/a,n/a,n/a,n/a,n/a,n/a,yes,wet_season,no,n/a
2012-02-10T06:25:23.605Z,2012-02-10T06:37:25.905Z,2012-02-10,8.26064943,-3.85249467,northern,kidal,dire,na_dn,yes,False,True,False,False,False,False,high,functioning,borehole,no,yes,hand_pump,no,local_autority,community,no,yes,n/a,n/a,n/a,n/a,n/a,n/a,n/a,n/a,n/a,n/a,n/a,yes,year_round,no,n/a
2012-02-10T08:41:46.850Z,2012-02-10T08:46:30.472Z,2012-02-10,8.25847903,-3.84773022,northern,kidal,dire,grid_further_500_m,no,n/a,n/a,n/a,n/a,n/a,n/a,high,broken,unprotected_well,no,yes,manual_power,no,individual,individual,no,no,False,False,False,True,False,False,False,False,False,False,n/a,yes,cannot_determine,no,n/a
2012-02-10T06:25:34.231Z,2012-02-10T21:50:28.088Z,2012-02-10,8.26083841,-3.85263781,northern,kidal,dire,grid_further_500_m,yes,False,True,False,False,False,False,high,broken,protected_well,no,no,n/a,n/a,international,community,no,no,False,False,False,True,True,False,False,False,False,False,n/a,yes,cannot_determine,no,n/a
2012-02-10T06:50:31.210Z,2012-02-10T21:55:18.703Z,2012-02-10,8.26085072,-3.85094201,northern,kidal,dire,grid_further_500_m,yes,False,True,False,False,False,False,high,abandoned,borehole,no,yes,manual_power,no,international,other',no,no,False,False,False,False,True,False,False,False,False,False,n/a,yes,cannot_determine,no,n/a
2012-02-10T14:15:14.057Z,2012-02-10T23:08:52.484Z,2012-02-10,8.26431171,-3.84613482,northern,kidal,dire,grid_further_500_m,yes,False,True,False,False,False,False,high,functioning,borehole,no,yes,hand_pump,no,state_government,community,no,yes,n/a,n/a,n/a,n/a,n/a,n/a,n/a,n/a,n/a,n/a,n/a,yes,year_round,yes,50_to_500
2012-02-10T08:50:36.286Z,2012-02-10T22:07:53.000Z,2012-02-10,8.26373471,-3.85264922,northern,kidal,dire,grid_further_500_m,yes,False,False,True,False,False,False,high,functioning,unprotected_well,no,no,n/a,n/a,individual,individual,no,yes,n/a,n/a,n/a,n/a,n/a,n/a,n/a,n/a,n/a,n/a,n/a,yes,another_pattern,no,n/a
2012-02-10T09:03:37.543Z,2012-02-10T22:14:43.919Z,2012-02-10,8.26311938,-3.8516989,northern,kidal,dire,grid_further_500_m,yes,False,False,True,False,False,False,high,abandoned,unprotected_well,no,no,n/a,n/a,state_government,other',no,no,False,False,False,True,True,False,False,False,False,False,n/a,yes,year_round,no,n/a
2012-02-10T10:48:17.365Z,2012-02-10T22:39:54.380Z,2012-02-10,8.26302428,-3.84775023,northern,kidal,dire,grid_further_500_m,yes,False,True,True,False,False,False,high,broken,borehole,no,yes,hand_pump,no,local_autority,community,no,no,False,False,True,False,False,False,False,False,False,False,n/a,yes,year_round,no,n/a
2012-02-10T09:28:58.481Z,2012-02-10T22:21:13.440Z,2012-02-10,8.26419135,-3.84971081,northern,kidal,dire,grid_further_500_m,yes,False,False,True,False,False,False,high,functioning,borehole,no,yes,hand_pump,no,international,public,no,yes,n/a,n/a,n/a,n/a,n/a,n/a,n/a,n/a,n/a,n/a,n/a,yes,year_round,yes,more_500
2012-02-10T10:40:05.429Z,2012-02-10T22:37:47.207Z,2012-02-10,8.26321142,-3.84783248,northern,kidal,dire,grid_further_500_m,yes,False,False,True,False,False,False,high,functioning,borehole,no,yes,hand_pump,no,international,community,no,no,False,True,False,False,False,False,False,False,False,False,n/a,yes,year_round,no,n/a
2012-02-10T08:55:53.588Z,2012-02-10T22:11:13.024Z,2012-02-10,8.26318485,-3.85202236,northern,kidal,dire,grid_further_500_m,yes,False,False,True,False,False,False,high,functioning,unprotected_well,no,no,n/a,n/a,public,community,no,yes,n/a,n/a,n/a,n/a,n/a,n/a,n/a,n/a,n/a,n/a,n/a,yes,year_round,yes,50_to_500
2012-02-10T14:19:08.343Z,2012-02-10T23:10:26.759Z,2012-02-10,8.26442266,-3.84610291,northern,kidal,dire,grid_further_500_m,yes,False,True,False,False,False,False,high,functioning,unprotected_well,no,yes,manual_power,no,international,community,no,no,False,False,False,False,True,False,False,False,False,False,n/a,yes,year_round,no,n/a
2012-02-10T09:10:46.055Z,2012-02-10T22:17:33.635Z,2012-02-10,8.26329131,-3.85078068,northern,kidal,dire,grid_further_500_m,yes,False,False,True,False,False,False,high,abandoned,borehole,no,yes,manual_power,no,international,public,no,no,False,False,False,True,True,False,False,False,False,False,n/a,yes,year_round,no,n/a
2012-02-10T09:56:13.509Z,2012-02-10T22:33:45.624Z,2012-02-10,8.26343605,-3.84809432,northern,kidal,dire,grid_further_500_m,yes,False,False,True,False,False,False,high,broken,unprotected_well,no,no,n/a,n/a,community,community,no,yes,n/a,n/a,n/a,n/a,n/a,n/a,n/a,n/a,n/a,n/a,n/a,yes,year_round,no,n/a
2012-02-10T13:54:13.163Z,2012-02-10T23:03:03.840Z,2012-02-10,8.26498007,-3.84792652,northern,kidal,dire,grid_further_500_m,yes,False,True,False,False,False,False,high,functioning,protected_spring,yes,yes,pump_solar,no,international,individual,no,no,False,False,True,False,False,False,False,False,False,False,n/a,yes,year_round,no,n/a
2012-02-10T15:18:12.432Z,2012-02-10T15:23:15.541Z,2012-02-10,8.22617339,-3.92027091,northern,kidal,bandiagara,na_dn,no,n/a,n/a,n/a,n/a,n/a,n/a,high,abandoned,unprotected_well,no,yes,manual_power,no,individual,individual,no,no,False,False,False,False,True,False,False,False,False,False,n/a,yes,wet_season,no,n/a
2012-02-10T15:13:52.804Z,2012-02-10T15:20:30.689Z,2012-02-10,8.23150111,-3.93632439,northern,kidal,bandiagara,grid_further_500_m,no,n/a,n/a,n/a,n/a,n/a,n/a,low,abandoned,borehole,no,no,n/a,n/a,community,individual,no,no,True,False,False,False,True,False,False,False,False,False,n/a,yes,cannot_determine,no,n/a
2012-02-10T15:24:07.621Z,2012-02-10T23:14:39.557Z,2012-02-10,8.21567431,-3.91844057,northern,kidal,bandiagara,grid_further_500_m,yes,False,True,False,False,False,False,low,functioning,borehole,no,yes,hand_pump,no,international,community,no,yes,n/a,n/a,n/a,n/a,n/a,n/a,n/a,n/a,n/a,n/a,n/a,no,another_pattern,yes,50_to_500
2012-02-10T16:06:40.267Z,2012-02-10T16:12:04.453Z,2012-02-10,8.22510821,-3.92607686,northern,kidal,bandiagara,grid_further_500_m,yes,False,False,True,False,False,False,low,broken,unprotected_well,no,no,n/a,n/a,individual,individual,no,yes,n/a,n/a,n/a,n/a,n/a,n/a,n/a,n/a,n/a,n/a,n/a,yes,cannot_determine,yes,10_to_50
2012-02-10T15:57:34.063Z,2012-02-10T16:04:02.492Z,2012-02-10,8.22307266,-3.92449518,northern,kidal,bandiagara,grid_further_500_m,yes,False,False,True,False,False,False,low,broken,unprotected_well,no,no,n/a,n/a,individual,individual,no,yes,n/a,n/a,n/a,n/a,n/a,n/a,n/a,n/a,n/a,n/a,n/a,no,year_round,yes,10_to_50
2012-02-10T16:24:40.336Z,2012-02-10T16:30:27.302Z,2012-02-10,8.22326818,-3.92830914,northern,kidal,bandiagara,grid_further_500_m,yes,False,True,False,False,False,False,low,abandoned,unprotected_well,no,no,n/a,n/a,community,community,no,no,False,False,False,False,False,False,True,False,False,False,n/a,no,another_pattern,no,n/a
2012-02-10T17:12:18.189Z,2012-02-10T17:16:38.892Z,2012-02-10,8.2101853,-3.93636927,northern,kidal,bandiagara,grid_further_500_m,yes,False,True,False,False,False,False,low,functioning,borehole,no,yes,hand_pump,no,international,individual,no,yes,n/a,n/a,n/a,n/a,n/a,n/a,n/a,n/a,n/a,n/a,n/a,yes,year_round,yes,more_500
2012-02-10T16:45:33.531Z,2012-02-10T16:50:31.437Z,2012-02-10,8.21969161,-3.92745398,northern,kidal,bandiagara,grid_further_500_m,yes,False,False,True,False,False,False,low,abandoned,unprotected_well,no,no,n/a,n/a,individual,individual,no,no,False,False,False,False,False,False,True,False,False,False,n/a,yes,year_round,no,n/a
2012-02-10T16:45:17.367Z,2012-02-11T16:35:51.864Z,2012-02-10,8.24685377,-3.91266113,northern,kidal,bandiagara,grid_further_500_m,yes,False,True,False,False,False,False,low,functioning,borehole,no,yes,manual_power,na_dn,international,community,no,yes,n/a,n/a,n/a,n/a,n/a,n/a,n/a,n/a,n/a,n/a,n/a,yes,year_round,yes,50_to_500
2012-02-10T14:36:56.152Z,2012-02-10T18:20:43.168Z,2012-02-10,8.23062601,-3.9283845,northern,kidal,bandiagara,grid_further_500_m,yes,False,True,False,False,False,False,low,functioning,unprotected_well,no,yes,manual_power,na_dn,individual,individual,no,yes,n/a,n/a,n/a,n/a,n/a,n/a,n/a,n/a,n/a,n/a,n/a,yes,wet_season,no,n/a
2012-02-10T16:14:07.875Z,2012-02-10T16:17:24.634Z,2012-02-10,8.25941819,-3.91199792,northern,kidal,bandiagara,grid_further_500_m,no,n/a,n/a,n/a,n/a,n/a,n/a,low,functioning,protected_well,no,no,n/a,n/a,community,community,no,no,False,False,False,False,True,False,False,False,False,False,n/a,no,wet_season,no,n/a
2012-02-10T14:20:13.294Z,2012-02-10T18:13:51.954Z,2012-02-10,8.23092739,-3.92838874,northern,kidal,bandiagara,grid_further_500_m,yes,True,True,False,False,False,False,low,functioning,unprotected_well,no,yes,manual_power,na_dn,individual,community,no,yes,n/a,n/a,n/a,n/a,n/a,n/a,n/a,n/a,n/a,n/a,n/a,yes,wet_season,no,n/a
2012-02-10T15:30:01.014Z,2012-02-11T16:32:03.877Z,2012-02-10,8.24655627,-3.9055966,northern,kidal,bandiagara,grid_further_500_m,no,n/a,n/a,n/a,n/a,n/a,n/a,low,abandoned,unprotected_well,no,na_dn,n/a,n/a,community,community,no,no,False,False,False,False,True,False,False,False,False,False,n/a,yes,year_round,no,n/a
2012-02-10T15:56:32.250Z,2012-02-10T18:17:36.442Z,2012-02-10,8.25523605,-3.91035268,northern,kidal,bandiagara,grid_further_500_m,no,n/a,n/a,n/a,n/a,n/a,n/a,low,functioning,unprotected_well,no,no,n/a,n/a,community,community,no,no,False,False,False,False,True,False,False,False,False,False,n/a,no,wet_season,no,n/a
2012-02-11T08:19:56.920Z,2012-02-11T08:24:45.304Z,2012-02-11,8.24146705,-3.93721627,northern,kidal,bandiagara,grid_further_500_m,yes,False,True,False,False,False,False,low,functioning,protected_well,no,no,n/a,n/a,international,community,no,no,False,False,False,False,True,False,False,False,False,False,n/a,no,wet_season,yes,50_to_500
2012-02-11T08:11:58.135Z,2012-02-11T08:16:07.785Z,2012-02-11,8.2374246,-3.93371462,northern,kidal,bandiagara,grid_further_500_m,no,n/a,n/a,n/a,n/a,n/a,n/a,low,functioning,unprotected_well,no,no,n/a,n/a,community,community,no,no,False,False,False,False,True,False,False,False,False,False,n/a,no,wet_season,no,n/a
2012-02-10T16:50:39.474Z,2012-02-10T16:55:11.256Z,2012-02-10,8.24674374,-3.91248928,northern,kidal,bandiagara,grid_further_500_m,yes,False,True,False,False,False,False,low,functioning,borehole,no,yes,hand_pump,na_dn,international,community,no,yes,n/a,n/a,n/a,n/a,n/a,n/a,n/a,n/a,n/a,n/a,n/a,yes,year_round,yes,50_to_500
2012-02-10T15:20:09.683Z,2012-02-10T18:14:36.905Z,2012-02-10,8.24873474,-3.90481832,northern,kidal,bandiagara,grid_further_500_m,yes,False,True,False,False,False,False,low,abandoned,unprotected_well,no,no,n/a,n/a,community,community,no,no,False,False,False,False,True,False,False,False,False,False,n/a,no,wet_season,no,n/a
2012-02-10T16:40:31.995Z,2012-02-11T16:34:22.107Z,2012-02-10,8.24714992,-3.91267783,northern,kidal,bandiagara,grid_further_500_m,yes,False,True,False,False,False,False,low,functioning,unprotected_well,no,no,n/a,n/a,community,international,no,yes,n/a,n/a,n/a,n/a,n/a,n/a,n/a,n/a,n/a,n/a,n/a,yes,year_round,yes,50_to_500
2012-02-10T16:02:09.352Z,2012-02-10T18:15:51.164Z,2012-02-10,8.25563104,-3.91114269,northern,kidal,bandiagara,grid_further_500_m,no,n/a,n/a,n/a,n/a,n/a,n/a,low,broken,unprotected_well,no,no,n/a,n/a,community,community,no,no,False,False,False,False,True,False,False,False,False,False,n/a,no,wet_season,no,n/a
2012-02-11T08:04:20.986Z,2012-02-11T08:08:43.076Z,2012-02-11,8.23477471,-3.93476687,northern,kidal,bandiagara,grid_further_500_m,no,n/a,n/a,n/a,n/a,n/a,n/a,low,functioning,unprotected_well,no,no,n/a,n/a,community,community,no,no,False,False,False,False,True,False,False,False,False,False,n/a,no,wet_season,no,n/a
2012-02-10T14:50:04.724Z,2012-02-10T18:15:17.783Z,2012-02-10,8.22985249,-3.92662029,northern,kidal,bandiagara,grid_further_500_m,yes,False,True,False,False,False,False,low,abandoned,borehole,no,no,n/a,n/a,state_government,na_dn,no,no,False,False,False,True,False,False,False,False,False,False,n/a,yes,cannot_determine,no,n/a
2012-02-10T15:33:48.595Z,2012-02-10T15:45:28.691Z,2012-02-10,8.22780467,-3.91069338,northern,kidal,bandiagara,na_dn,yes,False,False,True,False,False,False,high,functioning,borehole,no,yes,hand_pump,no,international,individual,no,yes,n/a,n/a,n/a,n/a,n/a,n/a,n/a,n/a,n/a,n/a,n/a,no,year_round,yes,50_to_500
2012-02-10T16:02:49.664Z,2012-02-10T16:07:02.191Z,2012-02-10,8.22929274,-3.92377053,northern,kidal,bandiagara,na_dn,no,n/a,n/a,n/a,n/a,n/a,n/a,high,functioning,unprotected_well,yes,yes,manual_power,no,individual,individual,no,yes,n/a,n/a,n/a,n/a,n/a,n/a,n/a,n/a,n/a,n/a,n/a,yes,year_round,no,n/a
2012-02-10T15:20:50.375Z,2012-02-10T15:33:06.528Z,2012-02-10,8.2326832,-3.93753341,northern,kidal,bandiagara,grid_further_500_m,no,n/a,n/a,n/a,n/a,n/a,n/a,low,functioning,protected_well,no,yes,manual_power,no,community,individual,no,yes,n/a,n/a,n/a,n/a,n/a,n/a,n/a,n/a,n/a,n/a,n/a,yes,year_round,yes,50_to_500
2012-02-10T14:40:24.273Z,2012-02-10T14:47:02.482Z,2012-02-10,8.2303242,-3.93385523,northern,kidal,bandiagara,grid_further_500_m,no,n/a,n/a,n/a,n/a,n/a,n/a,low,broken,unprotected_well,no,yes,manual_power,no,individual,individual,no,no,False,False,False,False,True,False,False,False,False,False,n/a,yes,wet_season,no,n/a
2012-02-10T14:50:59.880Z,2012-02-10T15:03:52.578Z,2012-02-10,8.23108869,-3.93548576,northern,kidal,bandiagara,grid_further_500_m,no,n/a,n/a,n/a,n/a,n/a,n/a,high,functioning,protected_well,no,yes,manual_power,no,community,individual,no,yes,n/a,n/a,n/a,n/a,n/a,n/a,n/a,n/a,n/a,n/a,n/a,yes,year_round,no,n/a
2012-02-10T16:19:32.618Z,2012-02-10T16:24:05.591Z,2012-02-10,8.23417656,-3.93264795,northern,kidal,bandiagara,grid_further_500_m,no,n/a,n/a,n/a,n/a,n/a,n/a,low,broken,unprotected_well,no,yes,manual_power,no,individual,individual,no,no,False,False,False,False,True,False,False,False,False,False,n/a,no,wet_season,no,n/a
2012-02-10T15:40:52.383Z,2012-02-10T15:51:15.387Z,2012-02-10,8.23361689,-3.93452691,northern,kidal,bandiagara,grid_further_500_m,yes,False,True,True,True,False,False,high,functioning,unprotected_well,no,yes,manual_power,no,local_autority,community,no,yes,n/a,n/a,n/a,n/a,n/a,n/a,n/a,n/a,n/a,n/a,n/a,no,year_round,no,n/a
2012-02-10T15:05:18.131Z,2012-02-10T15:13:26.912Z,2012-02-10,8.23124917,-3.93690431,northern,kidal,bandiagara,grid_further_500_m,no,n/a,n/a,n/a,n/a,n/a,n/a,low,abandoned,borehole,yes,yes,manual_power,no,na_dn,international,no,no,True,True,False,False,True,False,False,False,False,False,n/a,yes,cannot_determine,no,n/a
2012-02-10T14:16:36.372Z,2012-02-10T14:25:13.818Z,2012-02-10,8.2327031,-3.92866579,northern,kidal,bandiagara,grid_further_500_m,yes,False,True,True,False,False,False,high,functioning,protected_well,no,yes,manual_power,no,private,private,no,yes,n/a,n/a,n/a,n/a,n/a,n/a,n/a,n/a,n/a,n/a,n/a,yes,wet_season,no,n/a
2012-02-10T16:56:19.828Z,2012-02-10T17:02:23.862Z,2012-02-10,8.22259734,-3.93054822,northern,kidal,bandiagara,grid_further_500_m,yes,False,False,True,False,False,False,low,broken,unprotected_well,no,no,n/a,n/a,community,individual,no,yes,n/a,n/a,n/a,n/a,n/a,n/a,n/a,n/a,n/a,n/a,n/a,no,year_round,no,n/a
2012-02-11T07:57:36.526Z,2012-02-11T08:02:34.182Z,2012-02-11,8.23681819,-3.92365681,northern,kidal,bandiagara,grid_further_500_m,yes,False,True,True,False,False,False,high,broken,unprotected_well,no,no,n/a,n/a,individual,community,no,no,False,False,False,False,True,False,True,False,False,False,n/a,yes,year_round,no,n/a
2012-02-11T08:02:48.650Z,2012-02-11T08:06:21.498Z,2012-02-11,8.23685349,-3.92357861,northern,kidal,bandiagara,grid_further_500_m,yes,False,True,True,False,False,False,high,functioning,borehole,no,yes,hand_pump,no,international,individual,no,yes,n/a,n/a,n/a,n/a,n/a,n/a,n/a,n/a,n/a,n/a,n/a,yes,year_round,yes,more_500
2012-02-11T09:23:19.379Z,2012-02-11T09:27:20.569Z,2012-02-11,8.15048535,-3.96034979,northern,kidal,bandiagara,grid_further_500_m,yes,False,True,False,False,False,False,low,broken,unprotected_well,no,no,n/a,n/a,individual,individual,no,no,False,False,False,False,True,False,True,False,False,False,n/a,yes,year_round,no,n/a
2012-02-10T15:46:55.803Z,2012-02-10T15:52:14.686Z,2012-02-10,8.21779815,-3.92166181,northern,kidal,bandiagara,grid_further_500_m,yes,False,False,True,False,False,False,low,broken,unprotected_well,no,no,n/a,n/a,individual,individual,no,no,False,False,False,True,False,False,True,False,False,False,n/a,yes,year_round,no,n/a
2012-02-10T15:36:03.213Z,2012-02-10T15:44:20.560Z,2012-02-10,8.21735849,-3.91976517,northern,kidal,bandiagara,grid_further_500_m,yes,False,True,True,False,False,False,low,broken,unprotected_well,no,no,n/a,n/a,individual,individual,no,no,False,False,False,False,True,False,True,False,False,False,n/a,yes,another_pattern,no,n/a
2012-02-10T16:34:37.623Z,2012-02-10T16:40:29.023Z,2012-02-10,8.22214296,-3.92607858,northern,kidal,bandiagara,grid_further_500_m,yes,False,False,False,False,False,True,low,abandoned,unprotected_well,no,no,n/a,n/a,individual,individual,no,no,False,False,False,False,True,False,True,False,False,False,n/a,no,another_pattern,no,n/a
2012-02-12T11:58:48.457Z,2012-02-12T12:02:42.326Z,2012-02-12,8.25669551,-3.67683211,northern,kidal,koumaira,grid_further_500_m,yes,False,False,True,False,False,False,low,functioning,protected_well,no,yes,manual_power,no,international,individual,no,yes,n/a,n/a,n/a,n/a,n/a,n/a,n/a,n/a,n/a,n/a,n/a,yes,year_round,yes,50_to_500
2012-02-12T12:20:26.870Z,2012-02-12T12:25:24.670Z,2012-02-12,8.26279433,-3.67290823,northern,kidal,koumaira,grid_further_500_m,yes,False,False,True,False,False,False,low,broken,other,no,yes,hand_pump,no,international,individual,no,no,False,True,False,False,False,False,False,False,False,False,n/a,yes,cannot_determine,yes,50_to_500
2012-02-12T12:30:14.412Z,2012-02-12T12:39:27.299Z,2012-02-12,8.26141523,-3.67442017,northern,kidal,koumaira,grid_further_500_m,no,n/a,n/a,n/a,n/a,n/a,n/a,low,broken,unprotected_well,no,no,n/a,n/a,community,community,no,no,False,False,False,False,True,False,False,False,False,False,n/a,yes,cannot_determine,no,n/a
2012-02-12T12:13:38.302Z,2012-02-12T12:18:29.155Z,2012-02-12,8.25948355,-3.67874721,northern,kidal,koumaira,grid_further_500_m,yes,False,True,False,False,False,False,low,broken,protected_well,no,no,n/a,n/a,community,community,no,no,False,False,False,False,True,False,False,False,False,False,n/a,yes,wet_season,no,n/a
2012-02-12T11:58:29.454Z,2012-02-12T12:06:45.335Z,2012-02-12,8.26049933,-3.67986006,northern,kidal,koumaira,grid_further_500_m,yes,False,True,False,False,False,False,low,functioning,borehole,no,yes,hand_pump,no,private,community,no,yes,n/a,n/a,n/a,n/a,n/a,n/a,n/a,n/a,n/a,n/a,n/a,no,year_round,yes,10_to_50
2012-02-12T12:07:50.128Z,2012-02-12T12:11:28.649Z,2012-02-12,8.26018737,-3.67965089,northern,kidal,koumaira,grid_further_500_m,yes,False,True,False,False,False,False,low,functioning,unprotected_well,no,no,n/a,n/a,community,community,no,yes,n/a,n/a,n/a,n/a,n/a,n/a,n/a,n/a,n/a,n/a,n/a,yes,year_round,no,n/a
2012-02-12T12:23:04.366Z,2012-02-12T12:28:58.876Z,2012-02-12,8.26015261,-3.67700785,northern,kidal,koumaira,grid_further_500_m,yes,False,True,False,False,False,False,low,under_construction,borehole,no,no,n/a,n/a,international,na_dn,na_dn,no,False,False,False,False,False,True,False,False,False,False,n/a,yes,cannot_determine,na_dn,n/a
2012-02-12T12:27:05.604Z,2012-02-12T12:33:54.992Z,2012-02-12,8.25941465,-3.670707,northern,kidal,koumaira,grid_further_500_m,yes,False,True,False,False,False,False,low,functioning,protected_well,no,yes,manual_power,no,international,individual,no,yes,n/a,n/a,n/a,n/a,n/a,n/a,n/a,n/a,n/a,n/a,n/a,yes,year_round,yes,50_to_500
2012-02-12T11:42:53.562Z,2012-02-12T11:50:19.499Z,2012-02-12,8.25812458,-3.67966304,northern,kidal,koumaira,grid_further_500_m,yes,False,False,True,False,False,False,low,under_construction,borehole,no,no,n/a,n/a,international,other',no,no,False,False,False,False,False,True,False,False,False,False,n/a,yes,cannot_determine,no,n/a
2012-02-12T11:51:24.899Z,2012-02-12T11:58:28.529Z,2012-02-12,8.25651333,-3.67755319,northern,kidal,koumaira,grid_further_500_m,yes,False,False,True,False,False,False,low,functioning,other,no,yes,manual_power,no,international,individual,no,yes,n/a,n/a,n/a,n/a,n/a,n/a,n/a,n/a,n/a,n/a,n/a,yes,year_round,yes,50_to_500
2012-02-12T12:03:58.546Z,2012-02-12T12:08:10.780Z,2012-02-12,8.25897581,-3.67560255,northern,kidal,koumaira,grid_further_500_m,no,n/a,n/a,n/a,n/a,n/a,n/a,low,functioning,borehole,no,yes,hand_pump,no,international,individual,no,yes,n/a,n/a,n/a,n/a,n/a,n/a,n/a,n/a,n/a,n/a,n/a,yes,year_round,yes,50_to_500
2012-02-12T12:34:01.802Z,2012-02-12T12:37:21.501Z,2012-02-12,8.25874251,-3.67090128,northern,kidal,koumaira,grid_further_500_m,yes,False,True,False,False,False,False,low,functioning,unprotected_well,no,yes,manual_power,no,international,individual,no,no,False,False,False,False,True,True,False,False,False,False,n/a,yes,wet_season,yes,50_to_500
2012-02-12T11:19:15.626Z,2012-02-12T11:23:47.900Z,2012-02-12,8.2929822,-3.73660364,northern,kidal,djenne,grid_further_500_m,yes,False,True,False,True,False,False,low,broken,borehole,no,yes,manual_power,no,international,community,no,yes,n/a,n/a,n/a,n/a,n/a,n/a,n/a,n/a,n/a,n/a,n/a,yes,year_round,no,n/a
2012-02-12T11:08:02.033Z,2012-02-12T11:19:05.830Z,2012-02-12,8.29272914,-3.73682119,northern,kidal,djenne,grid_further_500_m,no,n/a,n/a,n/a,n/a,n/a,n/a,low,functioning,borehole,no,yes,manual_power,no,international,community,no,yes,n/a,n/a,n/a,n/a,n/a,n/a,n/a,n/a,n/a,n/a,n/a,yes,year_round,yes,10_to_50
2012-02-12T11:38:32.817Z,2012-02-12T11:46:52.222Z,2012-02-12,8.30053642,-3.7346548,northern,kidal,djenne,grid_further_500_m,no,n/a,n/a,n/a,n/a,n/a,n/a,low,na_dn,other,no,no,n/a,n/a,other',na_dn,no,yes,n/a,n/a,n/a,n/a,n/a,n/a,n/a,n/a,n/a,n/a,n/a,no,year_round,yes,more_500
2012-02-12T13:46:58.339Z,2012-02-12T13:50:34.046Z,2012-02-12,8.27361847,-3.6406931,northern,kidal,tombouctou,grid_further_500_m,yes,False,True,False,False,False,False,high,functioning,unprotected_well,no,yes,manual_power,no,international,community,no,no,False,False,False,False,True,False,False,False,False,False,n/a,yes,wet_season,yes,50_to_500
2012-02-12T14:06:58.798Z,2012-02-12T14:09:44.538Z,2012-02-12,8.27309456,-3.64103453,northern,kidal,tombouctou,grid_further_500_m,yes,False,True,False,False,False,False,low,functioning,unprotected_well,no,no,n/a,n/a,individual,individual,no,no,False,False,False,False,True,False,False,False,False,False,n/a,no,year_round,no,n/a
2012-02-12T14:18:18.013Z,2012-02-12T14:23:28.516Z,2012-02-12,8.27415376,-3.64192006,northern,kidal,tombouctou,grid_further_500_m,yes,False,True,False,False,False,False,low,functioning,unprotected_well,no,no,n/a,n/a,community,community,no,no,False,False,False,False,True,False,False,False,False,False,n/a,no,year_round,no,n/a
2012-02-12T13:44:58.568Z,2012-02-12T13:47:49.749Z,2012-02-12,8.27454852,-3.64274265,northern,kidal,tombouctou,grid_further_500_m,yes,False,True,False,False,False,False,low,functioning,unprotected_well,no,no,n/a,n/a,community,community,no,no,False,False,False,False,True,False,False,False,False,False,n/a,no,year_round,no,n/a
2012-02-12T13:41:24.265Z,2012-02-12T13:48:30.266Z,2012-02-12,8.27490921,-3.64220859,northern,kidal,tombouctou,grid_further_500_m,no,n/a,n/a,n/a,n/a,n/a,n/a,low,functioning,unprotected_well,no,no,n/a,n/a,community,community,no,no,False,False,False,False,True,False,False,False,False,False,n/a,yes,year_round,no,n/a
2012-02-12T13:55:54.263Z,2012-02-12T13:58:17.312Z,2012-02-12,8.27330581,-3.64243977,northern,kidal,tombouctou,grid_further_500_m,yes,False,True,False,False,False,False,low,abandoned,unprotected_well,no,no,n/a,n/a,community,community,no,no,False,False,False,False,True,False,False,False,False,False,n/a,no,cannot_determine,no,n/a
2012-02-12T13:58:25.545Z,2012-02-12T14:01:23.599Z,2012-02-12,8.27349741,-3.64181772,northern,kidal,tombouctou,grid_further_500_m,yes,False,True,False,False,False,False,low,functioning,unprotected_well,no,no,n/a,n/a,community,community,no,no,False,False,False,False,True,False,False,False,False,False,n/a,no,year_round,no,n/a
2012-02-12T13:51:36.798Z,2012-02-12T13:54:10.712Z,2012-02-12,8.27276702,-3.64351243,northern,kidal,tombouctou,grid_further_500_m,yes,False,True,False,False,False,False,low,functioning,unprotected_well,no,no,n/a,n/a,community,community,no,no,False,False,False,False,True,False,False,False,False,False,n/a,no,year_round,no,n/a
2012-02-12T14:01:31.051Z,2012-02-12T14:04:27.046Z,2012-02-12,8.27294799,-3.64165427,northern,kidal,tombouctou,grid_further_500_m,yes,False,True,False,False,False,False,low,functioning,unprotected_well,no,no,n/a,n/a,community,community,no,no,False,False,False,False,True,False,False,False,False,False,n/a,no,year_round,no,n/a
2012-02-12T13:50:41.482Z,2012-02-12T13:53:26.498Z,2012-02-12,8.27336012,-3.64020151,northern,kidal,tombouctou,grid_further_500_m,yes,False,True,False,False,False,False,high,functioning,unprotected_well,no,yes,manual_power,no,international,community,no,no,False,False,False,False,True,False,False,False,False,False,n/a,no,wet_season,yes,50_to_500
2012-02-12T13:58:27.815Z,2012-02-12T14:04:13.326Z,2012-02-12,8.27383164,-3.63824278,northern,kidal,tombouctou,grid_further_500_m,yes,False,True,False,False,False,False,high,broken,borehole,no,yes,hand_pump,no,local_autority,individual,no,no,False,True,False,False,False,False,False,False,False,False,n/a,no,cannot_determine,yes,50_to_500
2012-02-12T14:07:33.918Z,2012-02-12T14:11:53.454Z,2012-02-12,8.27502439,-3.64010052,northern,kidal,tombouctou,grid_further_500_m,yes,False,True,False,False,False,False,high,broken,unprotected_well,no,yes,manual_power,no,individual,individual,no,no,False,False,False,False,True,False,False,False,False,False,n/a,no,wet_season,yes,50_to_500
2012-02-12T13:53:39.421Z,2012-02-12T13:57:26.746Z,2012-02-12,8.27291362,-3.64010125,northern,kidal,tombouctou,grid_further_500_m,yes,False,True,False,False,False,False,high,functioning,protected_well,no,yes,manual_power,no,international,community,no,no,False,False,False,False,True,False,False,False,False,False,n/a,no,wet_season,yes,50_to_500
2012-02-13T13:43:46.156Z,2012-02-13T13:50:39.583Z,2012-02-13,8.25063958,-4.10085491,upper_east,gao,markala,grid_further_500_m,yes,False,False,True,False,False,False,high,functioning,unprotected_well,no,no,n/a,n/a,individual,individual,no,yes,n/a,n/a,n/a,n/a,n/a,n/a,n/a,n/a,n/a,n/a,n/a,no,year_round,yes,50_to_500
2012-02-13T13:26:33.893Z,2012-02-13T13:32:02.114Z,2012-02-13,8.2424288,-4.09861327,upper_east,gao,markala,grid_further_500_m,no,n/a,n/a,n/a,n/a,n/a,n/a,high,functioning,protected_well,no,yes,hand_pump,no,international,community,no,yes,n/a,n/a,n/a,n/a,n/a,n/a,n/a,n/a,n/a,n/a,n/a,yes,year_round,yes,50_to_500
2012-02-13T13:35:49.079Z,2012-02-13T13:40:45.170Z,2012-02-13,8.24835614,-4.10214567,upper_east,gao,markala,grid_further_500_m,no,n/a,n/a,n/a,n/a,n/a,n/a,high,functioning,unprotected_well,no,no,n/a,n/a,community,community,no,yes,n/a,n/a,n/a,n/a,n/a,n/a,n/a,n/a,n/a,n/a,n/a,yes,year_round,no,n/a
2012-02-13T14:00:25.514Z,2012-02-13T14:04:29.910Z,2012-02-13,8.24840796,-4.09283706,upper_east,gao,markala,grid_further_500_m,yes,False,False,True,False,False,False,high,functioning,protected_well,no,yes,hand_pump,no,international,community,no,yes,n/a,n/a,n/a,n/a,n/a,n/a,n/a,n/a,n/a,n/a,n/a,no,year_round,yes,50_to_500
2012-02-13T13:18:34.653Z,2012-02-13T13:21:57.700Z,2012-02-13,8.24269169,-4.1053719,upper_east,gao,markala,grid_further_500_m,no,n/a,n/a,n/a,n/a,n/a,n/a,high,functioning,unprotected_well,no,no,n/a,n/a,international,community,no,no,False,False,False,False,True,False,False,False,False,False,n/a,yes,year_round,no,n/a
2012-02-13T11:35:51.527Z,2012-02-14T08:42:13.882Z,2012-02-13,8.2215317,-4.1583139,upper_east,gao,markala,grid_further_500_m,yes,False,False,True,False,False,False,high,broken,borehole,no,yes,manual_power,no,international,community,no,no,True,False,False,False,True,False,False,False,False,False,n/a,no,wet_season,no,n/a
2012-02-14T16:31:38.926Z,2012-02-14T16:37:48.049Z,2012-02-14,8.14715226,-4.03128832,upper_east,gao,fani,grid_further_500_m,yes,False,True,True,False,False,False,low,functioning,protected_well,no,yes,manual_power,no,private,individual,no,no,False,False,False,True,True,False,False,False,False,False,n/a,no,another_pattern,no,n/a
2012-02-14T16:51:49.508Z,2012-02-14T16:55:37.263Z,2012-02-14,8.14136929,-4.04304558,upper_east,gao,fani,grid_further_500_m,no,n/a,n/a,n/a,n/a,n/a,n/a,low,functioning,unprotected_well,no,yes,manual_power,no,individual,individual,no,no,False,False,False,True,True,False,False,False,False,False,n/a,no,another_pattern,no,n/a
2012-02-14T14:25:13.263Z,2012-02-14T14:30:23.487Z,2012-02-14,8.30301179,-4.08003025,upper_east,gao,bla,grid_further_500_m,no,n/a,n/a,n/a,n/a,n/a,n/a,low,functioning,unprotected_well,no,no,n/a,n/a,community,community,no,yes,n/a,n/a,n/a,n/a,n/a,n/a,n/a,n/a,n/a,n/a,n/a,yes,year_round,no,n/a
2012-02-14T14:34:00.920Z,2012-02-14T14:37:23.869Z,2012-02-14,8.29946092,-4.07699419,upper_east,gao,bla,grid_further_500_m,yes,False,False,True,False,False,False,low,under_construction,borehole,na_dn,na_dn,n/a,n/a,international,na_dn,na_dn,no,False,False,False,False,False,True,False,False,False,False,n/a,no,cannot_determine,na_dn,n/a
2012-02-14T14:41:24.081Z,2012-02-14T14:45:07.703Z,2012-02-14,8.30072442,-4.07080869,upper_east,gao,bla,grid_further_500_m,no,n/a,n/a,n/a,n/a,n/a,n/a,low,functioning,borehole,no,yes,hand_pump,no,international,community,no,yes,n/a,n/a,n/a,n/a,n/a,n/a,n/a,n/a,n/a,n/a,n/a,no,year_round,yes,50_to_500
2012-02-14T16:28:30.910Z,2012-02-14T16:33:23.153Z,2012-02-14,8.28328355,-4.09053297,upper_east,gao,sanando,grid_further_500_m,no,n/a,n/a,n/a,n/a,n/a,n/a,low,functioning,unprotected_well,no,no,n/a,n/a,community,community,no,yes,n/a,n/a,n/a,n/a,n/a,n/a,n/a,n/a,n/a,n/a,n/a,yes,year_round,yes,10_to_50
2012-02-14T16:26:24.398Z,2012-02-14T16:28:14.661Z,2012-02-14,8.28476067,-4.09086046,upper_east,gao,sanando,grid_further_500_m,no,n/a,n/a,n/a,n/a,n/a,n/a,low,functioning,unprotected_well,no,no,n/a,n/a,community,community,no,yes,n/a,n/a,n/a,n/a,n/a,n/a,n/a,n/a,n/a,n/a,n/a,yes,year_round,no,n/a
2012-02-14T16:22:12.645Z,2012-02-14T16:26:01.027Z,2012-02-14,8.28474774,-4.09068059,upper_east,gao,sanando,grid_further_500_m,no,n/a,n/a,n/a,n/a,n/a,n/a,low,functioning,borehole,no,yes,hand_pump,no,international,community,no,yes,n/a,n/a,n/a,n/a,n/a,n/a,n/a,n/a,n/a,n/a,n/a,no,year_round,yes,50_to_500
2012-02-14T17:12:30.580Z,2012-02-14T17:16:14.723Z,2012-02-14,8.14274233,-4.06070546,upper_east,gao,sanando,grid_further_500_m,yes,False,False,True,False,False,False,low,functioning,borehole,no,yes,hand_pump,no,international,community,no,yes,n/a,n/a,n/a,n/a,n/a,n/a,n/a,n/a,n/a,n/a,n/a,no,year_round,yes,more_500
2012-02-14T15:15:30.593Z,2012-02-14T15:20:13.506Z,2012-02-14,8.14386392,-4.04403504,upper_east,gao,fadagou,grid_further_500_m,yes,False,True,False,False,False,False,low,functioning,borehole,no,yes,hand_pump,no,international,public,no,no,False,False,False,False,True,False,False,False,False,False,n/a,no,another_pattern,yes,50_to_500
2012-02-14T14:48:53.609Z,2012-02-14T14:55:16.136Z,2012-02-14,8.14249577,-4.04678337,upper_east,gao,fadagou,grid_further_500_m,no,n/a,n/a,n/a,n/a,n/a,n/a,low,functioning,dam_dugout,no,no,n/a,n/a,community,community,no,no,False,False,False,False,True,False,True,False,False,False,n/a,no,another_pattern,yes,50_to_500
2012-02-14T14:57:03.791Z,2012-02-14T14:59:42.981Z,2012-02-14,8.14356038,-4.04657126,upper_east,gao,fadagou,grid_further_500_m,no,n/a,n/a,n/a,n/a,n/a,n/a,low,abandoned,borehole,no,yes,hand_pump,no,local_autority,community,no,no,False,True,False,True,True,False,False,False,False,False,n/a,no,cannot_determine,no,n/a
2012-02-14T14:43:39.688Z,2012-02-14T14:48:39.300Z,2012-02-14,8.14418746,-4.04799903,upper_east,gao,fadagou,grid_further_500_m,yes,False,True,False,False,False,False,low,broken,protected_well,no,yes,hand_pump,no,international,community,no,no,False,False,False,False,True,False,False,False,False,False,n/a,yes,another_pattern,no,n/a
2012-02-14T17:04:57.878Z,2012-02-14T17:07:25.301Z,2012-02-14,8.14467641,-4.04973684,upper_east,gao,fadagou,grid_further_500_m,yes,False,True,False,False,False,False,low,broken,unprotected_well,no,yes,manual_power,no,community,community,no,no,False,False,False,True,True,False,False,False,False,False,n/a,no,another_pattern,no,n/a
2012-02-14T13:29:34.504Z,2012-02-14T13:33:13.006Z,2012-02-14,8.31264463,-4.08229842,upper_east,gao,thies,grid_further_500_m,no,n/a,n/a,n/a,n/a,n/a,n/a,low,functioning,protected_well,no,yes,hand_pump,no,international,community,no,no,False,False,False,False,True,False,False,False,False,False,n/a,yes,year_round,no,n/a
2012-02-14T13:40:08.913Z,2012-02-14T13:43:37.387Z,2012-02-14,8.31338507,-4.09789991,upper_east,gao,thies,grid_further_500_m,no,n/a,n/a,n/a,n/a,n/a,n/a,low,functioning,protected_well,no,yes,hand_pump,no,international,community,yes,yes,n/a,n/a,n/a,n/a,n/a,n/a,n/a,n/a,n/a,n/a,n/a,yes,year_round,yes,10_to_50
2012-02-14T13:22:47.370Z,2012-02-14T13:26:18.959Z,2012-02-14,8.30868725,-4.08604691,upper_east,gao,thies,connected_to_grid,no,n/a,n/a,n/a,n/a,n/a,n/a,low,functioning,borehole,no,yes,hand_pump,no,international,community,no,yes,n/a,n/a,n/a,n/a,n/a,n/a,n/a,n/a,n/a,n/a,n/a,yes,year_round,yes,50_to_500
2012-02-14T13:14:22.582Z,2012-02-14T13:19:10.066Z,2012-02-14,8.31031225,-4.10159938,upper_east,gao,thies,grid_within_500_m,yes,False,True,False,False,False,False,high,functioning,borehole,no,yes,manual_power,no,private,community,no,yes,n/a,n/a,n/a,n/a,n/a,n/a,n/a,n/a,n/a,n/a,n/a,yes,year_round,no,n/a
2012-02-14T12:38:00.112Z,2012-02-14T12:43:25.574Z,2012-02-14,8.29913618,-4.10241116,upper_east,gao,djadoum,grid_within_500_m,yes,False,True,True,False,False,False,high,functioning,unprotected_well,no,yes,manual_power,no,community,community,no,yes,n/a,n/a,n/a,n/a,n/a,n/a,n/a,n/a,n/a,n/a,n/a,yes,wet_season,yes,10_to_50
2012-02-13T13:30:28.450Z,2012-02-13T13:37:08.538Z,2012-02-13,8.28015603,-4.0521124,upper_east,gao,bondo,grid_further_500_m,yes,False,False,True,False,False,False,high,functioning,protected_well,no,yes,manual_power,no,international,individual,no,yes,n/a,n/a,n/a,n/a,n/a,n/a,n/a,n/a,n/a,n/a,n/a,yes,year_round,yes,50_to_500
2012-02-13T13:47:02.424Z,2012-02-13T13:50:57.879Z,2012-02-13,8.27638063,-4.06356184,upper_east,gao,bondo,grid_further_500_m,no,n/a,n/a,n/a,n/a,n/a,n/a,high,broken,borehole,no,yes,hand_pump,no,local_autority,individual,no,no,False,True,False,False,False,False,False,False,False,False,n/a,yes,cannot_determine,no,n/a
2012-02-13T13:37:31.621Z,2012-02-13T13:40:11.471Z,2012-02-13,8.28022462,-4.05180984,upper_east,gao,bondo,grid_further_500_m,yes,False,False,True,False,False,False,high,broken,dam_dugout,no,no,n/a,n/a,community,community,no,no,False,False,False,False,True,False,False,False,False,False,n/a,yes,wet_season,yes,50_to_500
2012-02-13T14:54:43.467Z,2012-02-13T14:57:09.050Z,2012-02-13,8.2761278,-4.05945403,upper_east,gao,bondo,grid_further_500_m,yes,False,False,True,False,False,False,low,functioning,unprotected_well,no,yes,manual_power,no,individual,individual,no,no,False,False,False,False,True,False,False,False,False,False,n/a,yes,wet_season,yes,50_to_500
2012-02-13T14:59:58.460Z,2012-02-13T15:03:23.242Z,2012-02-13,8.27530304,-4.05930785,upper_east,gao,bondo,grid_further_500_m,yes,False,False,True,False,False,False,low,broken,dam_dugout,no,no,n/a,n/a,community,community,no,no,False,False,False,False,True,False,False,False,False,False,n/a,yes,wet_season,yes,50_to_500
2012-02-13T13:21:41.357Z,2012-02-13T13:30:21.663Z,2012-02-13,8.2760684,-4.05443887,upper_east,gao,bondo,grid_further_500_m,no,n/a,n/a,n/a,n/a,n/a,n/a,high,functioning,protected_well,no,yes,manual_power,no,international,individual,no,yes,n/a,n/a,n/a,n/a,n/a,n/a,n/a,n/a,n/a,n/a,n/a,yes,year_round,yes,50_to_500
2012-02-13T14:48:58.199Z,2012-02-13T14:52:39.577Z,2012-02-13,8.2777067,-4.06147675,upper_east,gao,bondo,grid_further_500_m,no,n/a,n/a,n/a,n/a,n/a,n/a,low,functioning,unprotected_well,no,yes,manual_power,no,individual,individual,no,no,False,False,False,False,True,False,False,False,False,False,n/a,yes,wet_season,yes,50_to_500
2012-02-13T12:55:36.030Z,2012-02-13T13:00:43.897Z,2012-02-13,8.27161631,-4.06343494,upper_east,gao,ndioum,grid_further_500_m,yes,False,False,True,False,False,False,high,broken,borehole,no,yes,hand_pump,no,individual,individual,no,no,False,True,False,False,False,False,False,False,False,False,n/a,yes,cannot_determine,yes,50_to_500
2012-02-13T13:00:52.526Z,2012-02-13T13:03:31.253Z,2012-02-13,8.271615,-4.06327585,upper_east,gao,ndioum,grid_further_500_m,yes,False,False,True,False,False,False,high,functioning,borehole,no,yes,hand_pump,no,individual,individual,no,yes,n/a,n/a,n/a,n/a,n/a,n/a,n/a,n/a,n/a,n/a,n/a,yes,year_round,yes,50_to_500
2012-02-13T13:14:38.108Z,2012-02-13T13:21:20.784Z,2012-02-13,8.27150241,-4.05071802,upper_east,gao,ndioum,grid_further_500_m,no,n/a,n/a,n/a,n/a,n/a,n/a,high,functioning,unprotected_well,no,yes,manual_power,no,international,individual,no,yes,n/a,n/a,n/a,n/a,n/a,n/a,n/a,n/a,n/a,n/a,n/a,yes,year_round,yes,50_to_500
2012-02-13T13:54:39.085Z,2012-02-13T13:58:45.642Z,2012-02-13,8.27418706,-4.06813999,upper_east,gao,ndioum,grid_further_500_m,no,n/a,n/a,n/a,n/a,n/a,n/a,high,functioning,borehole,no,yes,hand_pump,no,local_autority,individual,no,yes,n/a,n/a,n/a,n/a,n/a,n/a,n/a,n/a,n/a,n/a,n/a,no,year_round,yes,50_to_500
2012-02-13T13:07:45.608Z,2012-02-13T13:13:29.369Z,2012-02-13,8.26966964,-4.05679262,upper_east,gao,ndioum,grid_further_500_m,no,n/a,n/a,n/a,n/a,n/a,n/a,high,functioning,borehole,no,yes,hand_pump,no,local_autority,individual,no,yes,n/a,n/a,n/a,n/a,n/a,n/a,n/a,n/a,n/a,n/a,n/a,yes,year_round,yes,50_to_500
2012-02-13T13:03:40.095Z,2012-02-13T13:06:16.444Z,2012-02-13,8.27164254,-4.06283432,upper_east,gao,ndioum,grid_further_500_m,yes,False,False,True,False,False,False,high,functioning,protected_well,no,yes,manual_power,no,individual,individual,no,yes,n/a,n/a,n/a,n/a,n/a,n/a,n/a,n/a,n/a,n/a,n/a,yes,year_round,yes,50_to_500
2012-02-13T15:27:15.360Z,2012-02-13T15:31:28.006Z,2012-02-13,8.29641481,-3.99901812,upper_east,gao,other,grid_further_500_m,no,n/a,n/a,n/a,n/a,n/a,n/a,low,functioning,borehole,no,yes,hand_pump,no,community,community,no,yes,n/a,n/a,n/a,n/a,n/a,n/a,n/a,n/a,n/a,n/a,n/a,no,year_round,yes,50_to_500
2012-02-13T14:41:56.156Z,2012-02-13T14:46:31.448Z,2012-02-13,8.26813994,-4.01636331,upper_east,gao,other,grid_further_500_m,yes,False,False,True,False,False,False,low,functioning,unprotected_well,no,yes,manual_power,no,community,community,no,yes,n/a,n/a,n/a,n/a,n/a,n/a,n/a,n/a,n/a,n/a,n/a,no,another_pattern,no,n/a
2012-02-15T14:11:24.789Z,2012-02-15T14:14:45.925Z,2012-02-15,8.39138906,-3.99229975,upper_east,gao,other,grid_further_500_m,yes,False,False,True,False,False,False,low,functioning,borehole,no,yes,hand_pump,no,international,community,no,yes,n/a,n/a,n/a,n/a,n/a,n/a,n/a,n/a,n/a,n/a,n/a,no,year_round,yes,50_to_500
2012-01-29T06:48:31.354Z,2012-01-29T06:57:11.917Z,2012-01-29,#VALUE!,#VALUE!,upper_east,gao,other,grid_within_500_m,yes,False,True,False,False,False,False,high,functioning,other,yes,no,n/a,n/a,state_government,local_autority,yes,yes,n/a,n/a,n/a,n/a,n/a,n/a,n/a,n/a,n/a,n/a,n/a,yes,year_round,no,n/a
2012-01-28T13:43:21.272Z,2012-01-28T13:49:15.921Z,2012-01-28,8.27161005,-4.10697032,upper_east,gao,other,grid_within_500_m,yes,False,True,False,False,False,False,high,functioning,borehole,no,yes,hand_pump,no,private,private,no,yes,n/a,n/a,n/a,n/a,n/a,n/a,n/a,n/a,n/a,n/a,n/a,yes,year_round,yes,50_to_500
2012-01-28T13:36:53.984Z,2012-01-28T13:39:48.244Z,2012-01-28,8.27126413,-4.10695784,upper_east,gao,other,grid_within_500_m,yes,False,True,False,False,False,False,high,functioning,other,yes,no,n/a,n/a,local_autority,community,yes,yes,n/a,n/a,n/a,n/a,n/a,n/a,n/a,n/a,n/a,n/a,n/a,yes,year_round,no,n/a
2012-01-28T13:20:50.445Z,2012-01-28T13:24:20.255Z,2012-01-28,8.27049369,-4.10825355,upper_east,gao,other,grid_within_500_m,yes,False,True,False,False,False,False,high,functioning,other,yes,no,n/a,n/a,local_autority,community,yes,yes,n/a,n/a,n/a,n/a,n/a,n/a,n/a,n/a,n/a,n/a,n/a,yes,year_round,no,n/a
2012-01-28T13:13:45.465Z,2012-01-28T13:16:53.818Z,2012-01-28,8.26890637,-4.10830906,upper_east,gao,other,grid_within_500_m,yes,False,True,False,False,False,False,high,functioning,other,yes,no,n/a,n/a,local_autority,community,yes,yes,n/a,n/a,n/a,n/a,n/a,n/a,n/a,n/a,n/a,n/a,n/a,yes,year_round,no,n/a
2012-01-28T13:30:20.803Z,2012-01-28T13:33:04.406Z,2012-01-28,8.26924998,-4.10720208,upper_east,gao,other,grid_within_500_m,yes,False,True,False,False,False,False,high,functioning,other,yes,no,n/a,n/a,local_autority,community,yes,yes,n/a,n/a,n/a,n/a,n/a,n/a,n/a,n/a,n/a,n/a,n/a,yes,year_round,no,n/a
2012-01-28T12:53:41.742Z,2012-01-28T12:57:23.139Z,2012-01-28,8.2643031,-4.11856624,upper_east,gao,other,grid_within_500_m,yes,False,True,False,False,False,False,high,newly_constructed,other,yes,no,n/a,n/a,local_autority,community,yes,yes,n/a,n/a,n/a,n/a,n/a,n/a,n/a,n/a,n/a,n/a,n/a,yes,year_round,no,n/a
2012-01-28T12:14:59.407Z,2012-01-28T12:18:04.625Z,2012-01-28,8.27453506,-4.10678215,upper_east,gao,other,grid_within_500_m,yes,False,True,False,False,False,False,high,functioning,protected_well,no,yes,hand_pump,no,local_autority,community,no,yes,n/a,n/a,n/a,n/a,n/a,n/a,n/a,n/a,n/a,n/a,n/a,yes,year_round,yes,50_to_500
2012-01-28T12:08:57.291Z,2012-01-28T12:12:37.221Z,2012-01-28,8.2759703,-4.1102696,upper_east,gao,other,grid_within_500_m,yes,False,True,False,False,False,False,high,functioning,protected_well,no,yes,hand_pump,no,local_autority,community,no,yes,n/a,n/a,n/a,n/a,n/a,n/a,n/a,n/a,n/a,n/a,n/a,yes,year_round,yes,50_to_500
2012-01-28T11:59:52.478Z,2012-01-28T12:03:06.547Z,2012-01-28,8.27186815,-4.11083292,upper_east,gao,other,grid_within_500_m,yes,False,True,False,False,False,False,high,functioning,other,yes,no,n/a,n/a,local_autority,community,yes,yes,n/a,n/a,n/a,n/a,n/a,n/a,n/a,n/a,n/a,n/a,n/a,yes,year_round,no,n/a
2012-01-28T11:29:12.820Z,2012-01-28T11:51:50.694Z,2012-01-28,8.27475522,-4.11570292,upper_east,gao,other,grid_within_500_m,yes,False,True,False,False,False,False,high,functioning,other,yes,no,n/a,n/a,state_government,local_autority,no,yes,n/a,n/a,n/a,n/a,n/a,n/a,n/a,n/a,n/a,n/a,n/a,yes,year_round,no,n/a
2012-01-28T11:21:58.673Z,2012-01-28T11:28:01.760Z,2012-01-28,8.27517315,-4.11642775,upper_east,gao,other,grid_within_500_m,yes,False,True,False,False,False,False,high,broken,borehole,no,yes,hand_pump,no,state_government,community,no,no,False,False,False,False,False,False,False,True,False,False,n/a,yes,cannot_determine,na_dn,n/a
2012-01-28T13:04:59.829Z,2012-01-28T13:09:47.859Z,2012-01-28,8.26268896,-4.11549605,upper_east,gao,other,grid_within_500_m,yes,False,True,False,False,False,False,high,functioning,protected_well,no,yes,hand_pump,no,local_autority,community,no,yes,n/a,n/a,n/a,n/a,n/a,n/a,n/a,n/a,n/a,n/a,n/a,yes,year_round,yes,10_to_50
2012-01-28T13:01:18.433Z,2012-01-28T13:04:51.405Z,2012-01-28,8.26257493,-4.11567893,upper_east,gao,other,grid_within_500_m,yes,False,True,False,False,False,False,high,functioning,other,yes,no,n/a,n/a,local_autority,community,yes,yes,n/a,n/a,n/a,n/a,n/a,n/a,n/a,n/a,n/a,n/a,n/a,yes,year_round,no,n/a
2012-01-28T13:57:12.659Z,2012-01-28T13:59:26.073Z,2012-01-28,8.26959484,-4.10917878,upper_east,gao,other,grid_within_500_m,yes,False,True,False,False,False,False,high,functioning,other,yes,no,n/a,n/a,local_autority,community,yes,yes,n/a,n/a,n/a,n/a,n/a,n/a,n/a,n/a,n/a,n/a,n/a,yes,year_round,no,n/a
2012-02-13T14:26:25.379Z,2012-02-13T14:31:51.732Z,2012-02-13,8.26222201,-4.01504234,upper_east,gao,other,grid_further_500_m,yes,False,False,True,False,False,False,low,functioning,protected_well,no,yes,hand_pump,no,international,community,no,yes,n/a,n/a,n/a,n/a,n/a,n/a,n/a,n/a,n/a,n/a,n/a,no,another_pattern,yes,50_to_500
2012-02-13T16:36:31.828Z,2012-02-13T16:43:18.948Z,2012-02-13,8.30550522,-4.03429309,upper_east,gao,other,grid_further_500_m,no,n/a,n/a,n/a,n/a,n/a,n/a,low,functioning,dam_dugout,no,no,n/a,n/a,community,community,no,yes,n/a,n/a,n/a,n/a,n/a,n/a,n/a,n/a,n/a,n/a,n/a,no,year_round,yes,more_500
2012-02-13T14:32:40.987Z,2012-02-13T14:36:06.967Z,2012-02-13,8.26180448,-4.01561145,upper_east,gao,other,grid_further_500_m,yes,False,False,True,False,False,False,low,broken,borehole,no,yes,hand_pump,no,international,community,no,no,False,False,True,False,True,False,False,False,False,False,n/a,no,another_pattern,no,n/a
2012-02-13T14:17:58.686Z,2012-02-13T14:23:07.864Z,2012-02-13,8.27038342,-4.01795894,upper_east,gao,other,grid_further_500_m,yes,False,False,True,False,False,False,low,under_construction,borehole,no,na_dn,n/a,n/a,international,na_dn,no,no,False,False,False,False,False,True,False,False,False,False,n/a,no,cannot_determine,no,n/a
2012-02-13T14:48:59.664Z,2012-02-13T14:53:06.494Z,2012-02-13,8.26915558,-4.01653032,upper_east,gao,other,grid_further_500_m,yes,False,False,True,False,False,False,low,functioning,unprotected_well,no,yes,manual_power,no,community,community,no,yes,n/a,n/a,n/a,n/a,n/a,n/a,n/a,n/a,n/a,n/a,n/a,no,another_pattern,yes,10_to_50
2012-02-13T16:29:16.855Z,2012-02-13T16:33:57.274Z,2012-02-13,8.3056407,-4.03307494,upper_east,gao,other,grid_further_500_m,no,n/a,n/a,n/a,n/a,n/a,n/a,low,functioning,dam_dugout,no,no,n/a,n/a,community,community,no,yes,n/a,n/a,n/a,n/a,n/a,n/a,n/a,n/a,n/a,n/a,n/a,no,year_round,yes,more_500
2012-02-15T14:39:44.159Z,2012-02-15T14:42:34.762Z,2012-02-15,8.39276667,-3.99734243,upper_east,gao,other,grid_further_500_m,yes,False,True,True,False,False,False,low,functioning,protected_well,no,no,n/a,n/a,international,community,no,no,False,False,False,False,True,False,False,False,False,False,n/a,yes,year_round,yes,10_to_50
2012-02-15T12:43:36.976Z,2012-02-15T12:46:47.132Z,2012-02-15,8.35515107,-4.02072675,upper_east,gao,other,grid_further_500_m,yes,False,True,False,False,False,False,low,functioning,borehole,no,yes,hand_pump,no,international,community,no,yes,n/a,n/a,n/a,n/a,n/a,n/a,n/a,n/a,n/a,n/a,n/a,yes,year_round,yes,10_to_50
2012-02-15T12:29:06.963Z,2012-02-15T12:32:31.283Z,2012-02-15,8.36245119,-4.02280618,upper_east,gao,other,grid_further_500_m,yes,False,True,False,False,False,False,low,functioning,borehole,no,yes,hand_pump,no,international,community,no,yes,n/a,n/a,n/a,n/a,n/a,n/a,n/a,n/a,n/a,n/a,n/a,yes,year_round,no,n/a
2012-02-15T12:36:26.155Z,2012-02-15T12:38:56.877Z,2012-02-15,8.36011457,-4.02459627,upper_east,gao,other,grid_further_500_m,yes,False,True,False,False,False,False,low,functioning,dam_dugout,no,no,n/a,n/a,international,community,no,yes,n/a,n/a,n/a,n/a,n/a,n/a,n/a,n/a,n/a,n/a,n/a,yes,year_round,yes,50_to_500
2012-02-15T12:49:29.608Z,2012-02-15T12:51:46.996Z,2012-02-15,8.35406918,-4.02442498,upper_east,gao,other,grid_further_500_m,yes,False,True,False,False,False,False,low,functioning,borehole,no,yes,hand_pump,no,international,community,no,yes,n/a,n/a,n/a,n/a,n/a,n/a,n/a,n/a,n/a,n/a,n/a,yes,year_round,yes,10_to_50
2012-02-13T08:28:42.648Z,2012-02-13T08:34:04.020Z,2012-02-13,8.25130317,-4.13234576,upper_east,gao,kangaba,grid_further_500_m,no,n/a,n/a,n/a,n/a,n/a,n/a,high,functioning,unprotected_well,no,yes,animal_power,no,community,community,no,yes,n/a,n/a,n/a,n/a,n/a,n/a,n/a,n/a,n/a,n/a,n/a,yes,year_round,no,n/a
2012-02-13T09:25:36.533Z,2012-02-13T09:32:48.402Z,2012-02-13,8.26181761,-4.12384197,upper_east,gao,kangaba,grid_within_500_m,yes,False,False,True,False,False,False,high,functioning,other,yes,no,n/a,n/a,na_dn,community,yes,yes,n/a,n/a,n/a,n/a,n/a,n/a,n/a,n/a,n/a,n/a,n/a,yes,year_round,no,n/a
2012-02-13T09:02:10.080Z,2012-02-13T09:07:50.285Z,2012-02-13,8.2561851,-4.12702125,upper_east,gao,kangaba,grid_within_500_m,yes,False,True,False,False,False,False,high,functioning,protected_well,no,yes,hand_pump,no,international,community,no,yes,n/a,n/a,n/a,n/a,n/a,n/a,n/a,n/a,n/a,n/a,n/a,yes,year_round,yes,50_to_500
2012-02-13T09:29:51.636Z,2012-02-13T09:34:02.841Z,2012-02-13,8.26165685,-4.1238861,upper_east,gao,kangaba,grid_within_500_m,yes,False,True,False,False,False,False,high,functioning,protected_well,no,no,n/a,n/a,international,community,no,no,False,False,False,False,True,False,False,False,False,False,n/a,yes,year_round,no,n/a
2012-02-13T08:11:58.582Z,2012-02-13T08:15:22.940Z,2012-02-13,8.25065321,-4.12995041,upper_east,gao,kangaba,grid_further_500_m,no,n/a,n/a,n/a,n/a,n/a,n/a,high,functioning,protected_well,no,no,n/a,n/a,international,community,no,yes,n/a,n/a,n/a,n/a,n/a,n/a,n/a,n/a,n/a,n/a,n/a,yes,year_round,yes,50_to_500
2012-02-13T08:34:51.695Z,2012-02-13T08:44:23.774Z,2012-02-13,8.2498536,-4.13442163,upper_east,gao,kangaba,grid_further_500_m,yes,False,False,True,False,False,False,high,functioning,borehole,no,yes,manual_power,no,na_dn,na_dn,no,yes,n/a,n/a,n/a,n/a,n/a,n/a,n/a,n/a,n/a,n/a,n/a,yes,year_round,yes,50_to_500
2012-02-14T12:41:10.943Z,2012-02-14T12:50:10.979Z,2012-02-14,8.30098443,-4.10441754,upper_east,gao,sawanke,grid_within_500_m,yes,False,True,False,False,False,False,low,functioning,borehole,no,yes,hand_pump,no,international,community,no,yes,n/a,n/a,n/a,n/a,n/a,n/a,n/a,n/a,n/a,n/a,n/a,no,year_round,yes,50_to_500
2012-02-13T15:16:11.215Z,2012-02-13T15:20:45.338Z,2012-02-13,8.30437356,-3.99716869,upper_east,gao,matoum,grid_further_500_m,no,n/a,n/a,n/a,n/a,n/a,n/a,low,functioning,borehole,no,yes,hand_pump,no,community,community,no,yes,n/a,n/a,n/a,n/a,n/a,n/a,n/a,n/a,n/a,n/a,n/a,no,year_round,yes,50_to_500
2012-02-13T15:04:31.028Z,2012-02-13T15:09:09.946Z,2012-02-13,8.2989247,-4.01487744,upper_east,gao,matoum,grid_further_500_m,no,n/a,n/a,n/a,n/a,n/a,n/a,low,functioning,borehole,no,yes,hand_pump,no,community,community,no,yes,n/a,n/a,n/a,n/a,n/a,n/a,n/a,n/a,n/a,n/a,n/a,no,year_round,yes,50_to_500
2012-02-13T12:54:19.972Z,2012-02-13T12:57:32.988Z,2012-02-13,8.28884589,-4.01025817,upper_east,gao,ngaundere,grid_further_500_m,yes,False,False,True,False,False,False,low,functioning,borehole,no,yes,hand_pump,no,international,community,no,yes,n/a,n/a,n/a,n/a,n/a,n/a,n/a,n/a,n/a,n/a,n/a,no,year_round,yes,50_to_500
2012-02-13T12:31:00.973Z,2012-02-13T12:36:59.139Z,2012-02-13,8.29018701,-4.01903913,upper_east,gao,ngaundere,grid_further_500_m,yes,False,False,True,False,False,False,low,functioning,borehole,no,yes,hand_pump,no,international,community,no,yes,n/a,n/a,n/a,n/a,n/a,n/a,n/a,n/a,n/a,n/a,n/a,no,year_round,yes,50_to_500
2012-02-13T12:47:09.349Z,2012-02-13T12:51:05.352Z,2012-02-13,8.29074385,-4.01375928,upper_east,gao,ngaundere,grid_further_500_m,yes,False,False,True,False,False,False,low,functioning,unprotected_well,no,no,n/a,n/a,individual,individual,no,yes,n/a,n/a,n/a,n/a,n/a,n/a,n/a,n/a,n/a,n/a,n/a,yes,year_round,no,n/a
2012-02-13T12:37:27.228Z,2012-02-13T12:41:44.731Z,2012-02-13,8.2898925,-4.01907911,upper_east,gao,ngaundere,grid_further_500_m,yes,False,False,True,False,False,False,low,functioning,borehole,no,yes,hand_pump,no,international,community,no,yes,n/a,n/a,n/a,n/a,n/a,n/a,n/a,n/a,n/a,n/a,n/a,no,year_round,yes,50_to_500
2012-02-14T16:16:22.077Z,2012-02-14T16:19:45.119Z,2012-02-14,8.15644947,-4.12162851,upper_east,gao,garalo,grid_further_500_m,yes,False,True,False,False,False,False,low,broken,borehole,no,yes,hand_pump,no,international,individual,no,no,False,True,False,False,False,False,False,False,False,False,n/a,yes,cannot_determine,no,n/a
2012-02-14T16:03:51.773Z,2012-02-14T16:08:35.751Z,2012-02-14,8.16695755,-4.12738997,upper_east,gao,garalo,grid_further_500_m,yes,False,True,False,False,False,False,low,functioning,protected_well,no,yes,manual_power,no,international,individual,no,yes,n/a,n/a,n/a,n/a,n/a,n/a,n/a,n/a,n/a,n/a,n/a,yes,year_round,yes,50_to_500
2012-02-14T16:00:51.276Z,2012-02-14T16:03:29.515Z,2012-02-14,8.16612062,-4.12761953,upper_east,gao,garalo,grid_further_500_m,yes,False,True,False,False,False,False,low,functioning,borehole,no,yes,hand_pump,no,international,individual,no,yes,n/a,n/a,n/a,n/a,n/a,n/a,n/a,n/a,n/a,n/a,n/a,no,year_round,yes,50_to_500
2012-02-14T16:31:20.828Z,2012-02-14T16:34:13.004Z,2012-02-14,8.16677937,-4.13125524,upper_east,gao,garalo,na_dn,yes,False,True,False,False,False,False,low,broken,borehole,no,yes,hand_pump,no,international,individual,no,no,False,True,False,False,False,False,False,False,False,False,n/a,yes,cannot_determine,no,n/a
2012-02-14T16:24:36.340Z,2012-02-14T16:27:24.309Z,2012-02-14,8.16507292,-4.13106815,upper_east,gao,garalo,grid_further_500_m,yes,False,True,False,False,False,False,low,functioning,protected_well,no,yes,manual_power,no,international,individual,no,yes,n/a,n/a,n/a,n/a,n/a,n/a,n/a,n/a,n/a,n/a,n/a,yes,year_round,yes,50_to_500
2012-02-14T13:50:22.081Z,2012-02-14T13:54:17.375Z,2012-02-14,8.17318352,-4.13464521,upper_east,gao,djabalo,grid_further_500_m,yes,False,True,False,False,False,False,low,broken,borehole,no,yes,hand_pump,no,international,individual,no,no,False,True,False,False,False,False,False,False,False,False,n/a,yes,cannot_determine,yes,50_to_500
2012-02-14T15:18:02.136Z,2012-02-14T15:23:02.253Z,2012-02-14,8.17285329,-4.13842434,upper_east,gao,djabalo,grid_further_500_m,yes,False,True,False,False,False,False,low,broken,unprotected_well,no,yes,manual_power,no,community,international,no,no,False,False,False,False,True,False,False,False,False,False,n/a,yes,wet_season,no,n/a
2012-02-14T14:38:17.801Z,2012-02-14T14:41:00.809Z,2012-02-14,8.17305772,-4.13835467,upper_east,gao,djabalo,grid_further_500_m,yes,False,True,False,False,False,False,low,functioning,borehole,no,yes,hand_pump,no,local_autority,individual,no,yes,n/a,n/a,n/a,n/a,n/a,n/a,n/a,n/a,n/a,n/a,n/a,yes,year_round,yes,50_to_500
2012-02-14T15:32:16.576Z,2012-02-14T15:34:54.383Z,2012-02-14,8.17523694,-4.13672098,upper_east,gao,djabalo,grid_further_500_m,yes,False,True,False,False,False,False,low,broken,unprotected_well,no,yes,manual_power,no,individual,individual,no,no,False,False,False,False,True,False,False,False,False,False,n/a,yes,wet_season,no,n/a
2012-02-14T14:25:00.858Z,2012-02-14T14:27:53.108Z,2012-02-14,8.17707631,-4.13023772,upper_east,gao,thiel,grid_further_500_m,no,n/a,n/a,n/a,n/a,n/a,n/a,low,functioning,borehole,no,yes,hand_pump,no,local_autority,individual,no,yes,n/a,n/a,n/a,n/a,n/a,n/a,n/a,n/a,n/a,n/a,n/a,yes,year_round,yes,50_to_500
2012-02-14T18:13:27.937Z,2012-02-14T18:18:24.416Z,2012-02-14,8.1867141,-4.13634909,upper_east,gao,lingeure,grid_further_500_m,yes,False,True,False,False,False,False,low,under_construction,borehole,no,no,n/a,n/a,local_autority,local_autority,no,no,False,False,False,False,False,True,False,False,False,False,n/a,yes,cannot_determine,no,n/a
2012-02-14T14:44:34.169Z,2012-02-14T14:48:08.756Z,2012-02-14,8.18181645,-4.13960009,upper_east,gao,lingeure,grid_further_500_m,yes,False,True,False,False,False,False,low,functioning,protected_well,no,yes,manual_power,no,international,individual,no,yes,n/a,n/a,n/a,n/a,n/a,n/a,n/a,n/a,n/a,n/a,n/a,yes,year_round,no,n/a
2012-02-14T15:03:14.304Z,2012-02-14T15:05:45.415Z,2012-02-14,8.19361602,-4.14833275,upper_east,gao,lingeure,grid_further_500_m,no,n/a,n/a,n/a,n/a,n/a,n/a,low,functioning,borehole,no,yes,hand_pump,no,local_autority,individual,no,yes,n/a,n/a,n/a,n/a,n/a,n/a,n/a,n/a,n/a,n/a,n/a,no,year_round,yes,50_to_500
2012-02-14T14:18:51.303Z,2012-02-14T14:21:22.607Z,2012-02-14,8.17236824,-4.13233603,upper_east,gao,tambacounda,grid_further_500_m,yes,False,True,False,False,False,False,low,functioning,borehole,no,yes,hand_pump,no,international,individual,no,yes,n/a,n/a,n/a,n/a,n/a,n/a,n/a,n/a,n/a,n/a,n/a,no,year_round,yes,50_to_500
